Workout_ID,YT_ID,Workout_Title,YT_Title,Uploader_Name,Channel_URL,Video_URL,Type,Format,Intensity,Primary_Target,Target_Tag1,Target_Tag2,Equipment,Impact,Standing_Floor,Instructor_Talk,Music_Vibe,Duration_Min,Time_Bucket,Vetted,Rating,Do_Not_Recommend,Repeat_Cooldown_Days,Link_Status,Last_Checked
YF-CG01,a-V4Or5xyis,20 Min Cardio HIIT Workout,CHILLED CARDIO WORKOUT,Caroline Girvan,https://www.youtube.com/@CarolineGirvan,https://www.youtube.com/watch?v=a-V4Or5xyis,Workout,HIIT,High,Cardio,Full Body,,None,High,Mixed,None,Loud,20,15-25,Y,,N,7,Ok,12/30/25
YF-CG02,QFwEQqbdCo4,15 Min Core Strength Workout,15 Min STANDING ABS WORKOUT,Caroline Girvan,https://www.youtube.com/@CarolineGirvan,https://www.youtube.com/watch?v=QFwEQqbdCo4,Workout,Strength,High,Core,Abs,,Dumbbells,High,Standing,None,Loud,15,10-20,Y,,N,14,Ok,12/30/25
YF-CG03,1WIah0t1Bzw,20 Min Core Strength Workout,20 Minute Abs and Core Workout,Caroline Girvan,https://www.youtube.com/@CarolineGirvan,https://www.youtube.com/watch?v=1WIah0t1Bzw,Workout,Strength,High,Core,Abs,,Dumbbells,High,Floor,None,Loud,20,15-25,Y,,N,14,Ok,12/30/25
YF-CG04,nxf8pGmNsVg,15 Min Core Strength Workout,15 Min COMPLETE ABS WORKOUT,Caroline Girvan,https://www.youtube.com/@CarolineGirvan,https://www.youtube.com/watch?v=nxf8pGmNsVg,Workout,Strength,High,Core,Abs,,None,High,Floor,None,Loud,15,10-20,Y,,N,14,Ok,12/30/25
YF-CG05,p9GPq3g5IDQ,30 Min Cardio HIIT Workout,30 Min CONSTANT CARDIO Workout at Home,Caroline Girvan,https://www.youtube.com/@CarolineGirvan,https://www.youtube.com/watch?v=p9GPq3g5IDQ,Workout,HIIT,High,Cardio,,,None,High,Mixed,None,Loud,30,25-40,N,,N,7,Ok,12/31/25
YF-CG06,VL8K0XNwRk0,30 Min Cardio HIIT Workout,30 Min FULL BODY HIIT WORKOUT,Caroline Girvan,https://www.youtube.com/@CarolineGirvan,https://www.youtube.com/watch?v=VL8K0XNwRk0,Workout,HIIT,High,Cardio,,,None,High,Mixed,None,Loud,30,25-40,N,,N,7,Ok,12/31/25
YF-CG07,zyeiUJX99PQ,30 Min Cardio HIIT Workout,Day 40 of EPIC | 30 Min BURNNNNNN HIIT WORKOUT,Caroline Girvan,https://www.youtube.com/@CarolineGirvan,https://www.youtube.com/watch?v=zyeiUJX99PQ,Workout,HIIT,High,Cardio,,,Dumbbells,High,Mixed,None,Loud,30,25-40,N,,N,7,Ok,12/31/25
YF-CG08,BSd1dWbv9F4,30 Min Cardio HIIT Workout,30 Min SWIFT HIIT Workout,Caroline Girvan,https://www.youtube.com/@CarolineGirvan,https://www.youtube.com/watch?v=BSd1dWbv9F4,Workout,HIIT,High,Cardio,,,None,High,Mixed,None,Loud,30,25-40,N,,N,7,Ok,12/31/25
YF-CG09,qp15Z64Wf90,30 Min Cardio HIIT Workout,Day 30 of EPIC,Caroline Girvan,https://www.youtube.com/@CarolineGirvan,https://www.youtube.com/watch?v=qp15Z64Wf90,Workout,HIIT,High,Cardio,,,None,High,Mixed,None,Loud,30,25-40,N,,N,7,Ok,12/31/25
YF-CG10,ImI63BUUPwU,30 Min Cardio HIIT Workout,30 Min CARDIO WORKOUT at Home,Caroline Girvan,https://www.youtube.com/@CarolineGirvan,https://www.youtube.com/watch?v=ImI63BUUPwU,Workout,HIIT,High,Cardio,,,None,High,Mixed,None,Loud,30,25-40,N,,N,7,Ok,12/31/25
YF-CG11,mUI4hXTmAkw,15 Min Core Strength Workout,15 Min DUMBBELL ABS WORKOUT,Caroline Girvan,https://www.youtube.com/@CarolineGirvan,https://www.youtube.com/watch?v=mUI4hXTmAkw,Workout,Strength,High,Core,Abs,,Dumbbells,High,Mixed,None,Loud,15,10-20,N,,N,14,Ok,12/31/25
YF-CG12,k9MiHyiEsuo,10 Min Core Strength Workout,10 MIN STRONG ABS & CORE WORKOUT,Caroline Girvan,https://www.youtube.com/@CarolineGirvan,https://www.youtube.com/watch?v=k9MiHyiEsuo,Workout,Strength,High,Core,Abs,,Dumbbells,High,Mixed,None,Loud,10,5-15,N,,N,14,Ok,12/31/25
YF-CG13,5bgVXyP0IIM,10 Min Core Strength Workout,10 MIN WEIGHTED ABS,Caroline Girvan,https://www.youtube.com/@CarolineGirvan,https://www.youtube.com/watch?v=5bgVXyP0IIM,Workout,Strength,High,Core,Abs,,Dumbbells,High,Mixed,None,Loud,10,5-15,N,,N,14,Ok,12/31/25
YF-CG14,PWmj78iYlo8,15 Min Core Strength Workout,15 Min ENGAGING ABS & Core Workout,Caroline Girvan,https://www.youtube.com/@CarolineGirvan,https://www.youtube.com/watch?v=PWmj78iYlo8,Workout,Strength,High,Core,Abs,,Dumbbells,High,Mixed,None,Loud,15,10-20,N,,N,14,Ok,12/31/25
YF-CG15,hPi79mq_1rE,15 Min Core Strength Workout,15 Minute Tucked Abs Workout,Caroline Girvan,https://www.youtube.com/@CarolineGirvan,https://www.youtube.com/watch?v=hPi79mq_1rE,Workout,Strength,High,Core,Abs,,None,High,Mixed,None,Loud,15,10-20,N,,N,14,Ok,12/31/25
YF-CG16,YSqdzrmJAlw,10 Min Core Strength Workout,10 MIN CLASSIC AB WORKOUT,Caroline Girvan,https://www.youtube.com/@CarolineGirvan,https://www.youtube.com/watch?v=YSqdzrmJAlw,Workout,Strength,High,Core,Abs,,None,High,Mixed,None,Loud,10,5-15,N,,N,14,Ok,12/31/25
YF-CG17,rzNWh3siwmY,30 Min Upper Body Strength Workout,"FUEL Series 30 Min TEMPO - Shoulders, Chest & Triceps Workout",Caroline Girvan,https://www.youtube.com/@CarolineGirvan,https://www.youtube.com/watch?v=rzNWh3siwmY,Workout,Strength,High,Upper Body,Chest,Shoulders,Dumbbells,High,Mixed,None,Loud,30,25-40,N,,N,14,Ok,12/31/25
YF-CG18,VE1JcBZBggw,30 Min Upper Body Strength Workout,FUEL Series 30 Min UPPER BODY COMPLEX Workout,Caroline Girvan,https://www.youtube.com/@CarolineGirvan,https://www.youtube.com/watch?v=VE1JcBZBggw,Workout,Strength,High,Upper Body,Chest,Shoulders,Dumbbells,High,Mixed,None,Loud,30,25-40,N,,N,14,Ok,12/31/25
YF-CG19,RYbV5zTD5OM,20 Min Upper Body Strength Workout,Arm Workout at Home,Caroline Girvan,https://www.youtube.com/@CarolineGirvan,https://www.youtube.com/watch?v=RYbV5zTD5OM,Workout,Strength,High,Upper Body,Arms,,Dumbbells,High,Mixed,None,Loud,20,15-25,N,,N,14,Ok,12/31/25
YF-CG20,ExfFozZMheI,30 Min Upper Body Strength Workout,30 Min DUMBBELL CHEST & TRICEPS WORKOUT,Caroline Girvan,https://www.youtube.com/@CarolineGirvan,https://www.youtube.com/watch?v=ExfFozZMheI,Workout,Strength,High,Upper Body,Triceps,Chest,Dumbbells,High,Mixed,None,Loud,30,25-40,N,,N,14,Ok,12/31/25
YF-CG21,Og_It9SD8XY,20 Min Upper Body Strength Workout,20 Min TRICEP WORKOUT with DUMBBELLS at Home,Caroline Girvan,https://www.youtube.com/@CarolineGirvan,https://www.youtube.com/watch?v=Og_It9SD8XY,Workout,Strength,High,Upper Body,Triceps,,Dumbbells,High,Mixed,None,Loud,20,15-25,N,,N,14,Ok,12/31/25
YF-CG22,c0XQs9aMWrA,15 Min Upper Body Strength Workout,15 MIN CHEST & SHOULDERS WORKOUT at Home,Caroline Girvan,https://www.youtube.com/@CarolineGirvan,https://www.youtube.com/watch?v=c0XQs9aMWrA,Workout,Strength,High,Upper Body,Chest,Shoulders,Dumbbells,High,Mixed,None,Loud,15,10-20,N,,N,14,Ok,12/31/25
YF-CG23,i9KZfnuGOjs,30 Min Upper Body Strength Workout,MAXIMAL Chest and Tricep Workout,Caroline Girvan,https://www.youtube.com/@CarolineGirvan,https://www.youtube.com/watch?v=i9KZfnuGOjs,Workout,Strength,High,Upper Body,Triceps,Chest,Dumbbells,High,Mixed,None,Loud,30,25-40,N,,N,14,Ok,12/31/25
YF-CG24,1L0AFBBzp-Y,30 Min Upper Body Strength Workout,CHARGED 30 Min Chest and Triceps Workout,Caroline Girvan,https://www.youtube.com/@CarolineGirvan,https://www.youtube.com/watch?v=1L0AFBBzp-Y,Workout,Strength,High,Upper Body,Triceps,Chest,Dumbbells,High,Mixed,None,Loud,30,25-40,N,,N,14,Ok,12/31/25
YF-CG25,Hww8Y6GxVbw,30 Min Upper Body Strength Workout,IRON Series 30 Min Upper Body Chest and Triceps Workout,Caroline Girvan,https://www.youtube.com/@CarolineGirvan,https://www.youtube.com/watch?v=Hww8Y6GxVbw,Workout,Strength,High,Upper Body,Triceps,Chest,Dumbbells,High,Mixed,None,Loud,30,25-40,N,,N,14,Ok,12/31/25
YF-CG26,KzBZ02EAJvE,10 Min Upper Body Strength Workout,Tricep Workout at Home with Dumbbells,Caroline Girvan,https://www.youtube.com/@CarolineGirvan,https://www.youtube.com/watch?v=KzBZ02EAJvE,Workout,Strength,High,Upper Body,Triceps,,Dumbbells,High,Mixed,None,Loud,10,5-15,N,,N,14,Ok,12/31/25
YF-CG27,xbtAVsMdVSY,30 Min Upper Body Strength Workout,IRON Series 30 Min Shoulder Workout - Compound & Isolation,Caroline Girvan,https://www.youtube.com/@CarolineGirvan,https://www.youtube.com/watch?v=xbtAVsMdVSY,Workout,Strength,High,Upper Body,Shoulders,,Dumbbells,High,Mixed,None,Loud,30,25-40,N,,N,14,Ok,12/31/25
YF-CG28,lgpcpzGqW80,15 Min Upper Body Strength Workout,DUMBBELL SHOULDER Workout at Home,Caroline Girvan,https://www.youtube.com/@CarolineGirvan,https://www.youtube.com/watch?v=lgpcpzGqW80,Workout,Strength,High,Upper Body,Shoulders,,Dumbbells,High,Mixed,None,Loud,15,10-20,N,,N,14,Ok,12/31/25
YF-CG29,wH-YPotqDlg,20 Min Upper Body Strength Workout,20 Min INTENSE DUMBBELL SHOULDER WORKOUT at Home,Caroline Girvan,https://www.youtube.com/@CarolineGirvan,https://www.youtube.com/watch?v=wH-YPotqDlg,Workout,Strength,High,Upper Body,Shoulders,,Dumbbells,High,Mixed,None,Loud,20,15-25,N,,N,14,Ok,12/31/25
YF-CG30,Aq7qermvmXM,15 Min Upper Body Strength Workout,15 Minute SHOULDER WORKOUT,Caroline Girvan,https://www.youtube.com/@CarolineGirvan,https://www.youtube.com/watch?v=Aq7qermvmXM,Workout,Strength,High,Upper Body,Shoulders,,Dumbbells,High,Mixed,None,Loud,15,10-20,N,,N,14,Ok,12/31/25
YF-CG31,tf685ggJv9k,20 Min Upper Body Strength Workout,20 Minute Dumbbell Back and Biceps Workout,Caroline Girvan,https://www.youtube.com/@CarolineGirvan,https://www.youtube.com/watch?v=tf685ggJv9k,Workout,Strength,High,Upper Body,Biceps,Back,Dumbbells,High,Mixed,None,Loud,20,15-25,N,,N,14,Ok,12/31/25
YF-CG32,WD3FvnZpVig,20 Min Upper Body Strength Workout,20 Min BICEP WORKOUT,Caroline Girvan,https://www.youtube.com/@CarolineGirvan,https://www.youtube.com/watch?v=WD3FvnZpVig,Workout,Strength,High,Upper Body,Biceps,,Dumbbells,High,Mixed,None,Loud,20,15-25,N,,N,14,Ok,12/31/25
YF-CG33,qdFZhoHA9E8,30 Min Upper Body Strength Workout,FRAMEWORK 30 Min Back and Bicep Workout,Caroline Girvan,https://www.youtube.com/@CarolineGirvan,https://www.youtube.com/watch?v=qdFZhoHA9E8,Workout,Strength,High,Upper Body,Biceps,Back,Dumbbells,High,Mixed,None,Loud,30,25-40,N,,N,14,Ok,12/31/25
YF-CG34,KzZILhT_YvY,15 Min Upper Body Strength Workout,BICEP BLOW UP,Caroline Girvan,https://www.youtube.com/@CarolineGirvan,https://www.youtube.com/watch?v=KzZILhT_YvY,Workout,Strength,High,Upper Body,Biceps,,Dumbbells,High,Mixed,None,Loud,15,10-20,N,,N,14,Ok,12/31/25
YF-CG35,kO_b0D8P1Jg,20 Min Upper Body Strength Workout,20 Minute Superset Back Workout with Dumbbells,Caroline Girvan,https://www.youtube.com/@CarolineGirvan,https://www.youtube.com/watch?v=kO_b0D8P1Jg,Workout,Strength,High,Upper Body,Back,,Dumbbells,High,Mixed,None,Loud,20,15-25,N,,N,14,Ok,12/31/25
YF-CG36,AL82Vqu_R9k,15 Min Core Strength Workout,15 Min FIRM ABS WORKOUT,Caroline Girvan,https://www.youtube.com/@CarolineGirvan,https://www.youtube.com/watch?v=AL82Vqu_R9k,Workout,Strength,High,Core,Abs,,None,High,Mixed,None,Loud,15,10-20,N,,N,14,Ok,12/31/25
YF-CG37,qdYGi4XsoE8,20 Min Lower Body Strength Workout,20 MIN KNEE FRIENDLY LEG WORKOUT,Caroline Girvan,https://www.youtube.com/@CarolineGirvan,https://www.youtube.com/watch?v=qdYGi4XsoE8,Workout,Strength,High,Lower Body,Legs,,Dumbbells,High,Mixed,None,Loud,20,15-25,N,,N,14,Ok,12/31/25
YF-CG38,rma9n_xL1i0,15 Min Lower Body Strength Workout,15 MIN COMPOUND LEG WORKOUT,Caroline Girvan,https://www.youtube.com/@CarolineGirvan,https://www.youtube.com/watch?v=rma9n_xL1i0,Workout,Strength,High,Lower Body,Legs,,Dumbbells,High,Mixed,None,Loud,15,10-20,N,,N,14,Ok,12/31/25
YF-CG39,8IXA5aauDfs,15 Min Lower Body Strength Workout,at Home ROMANIAN DEADLIFT,Caroline Girvan,https://www.youtube.com/@CarolineGirvan,https://www.youtube.com/watch?v=8IXA5aauDfs,Workout,Strength,High,Lower Body,Legs,,Dumbbells,High,Mixed,None,Loud,15,10-20,N,,N,14,Ok,12/31/25
YF-CG40,VjGOiFr5oAk,20 Min Lower Body Strength Workout,at Home GLUTE WORKOUT,Caroline Girvan,https://www.youtube.com/@CarolineGirvan,https://www.youtube.com/watch?v=VjGOiFr5oAk,Workout,Strength,High,Lower Body,Legs,,Dumbbells,High,Mixed,None,Loud,20,15-25,N,,N,14,Ok,12/31/25
YF-CG41,lBq4TwynUuY,15 Min Lower Body Strength Workout,DUMBBELL LEGS AND GLUTES WORKOUT,Caroline Girvan,https://www.youtube.com/@CarolineGirvan,https://www.youtube.com/watch?v=lBq4TwynUuY,Workout,Strength,High,Lower Body,Legs,,Dumbbells,High,Mixed,None,Loud,15,10-20,N,,N,14,Ok,12/31/25
YF-CG42,o5fXYaJ3owA,10 Min Lower Body Strength Workout,10 Min DUMBBELL LEG WORKOUT,Caroline Girvan,https://www.youtube.com/@CarolineGirvan,https://www.youtube.com/watch?v=o5fXYaJ3owA,Workout,Strength,High,Lower Body,Legs,,Dumbbells,High,Mixed,None,Loud,10,5-15,N,,N,14,Ok,12/31/25
YF-CG43,iGsFbcWay-k,20 Min Lower Body Strength Workout,20 Min LEG WORKOUT WITH DUMBBELLS,Caroline Girvan,https://www.youtube.com/@CarolineGirvan,https://www.youtube.com/watch?v=iGsFbcWay-k,Workout,Strength,High,Lower Body,Legs,,Dumbbells,High,Mixed,None,Loud,20,15-25,N,,N,14,Ok,12/31/25
YF-CG44,moaslAr2NQc,30 Min Lower Body Strength Workout,30 Min LOWER BODY ISOMETRIC WORKOUT,Caroline Girvan,https://www.youtube.com/@CarolineGirvan,https://www.youtube.com/watch?v=moaslAr2NQc,Workout,Strength,High,Lower Body,Legs,,Dumbbells,High,Mixed,None,Loud,30,25-40,N,,N,14,Ok,12/31/25
YF-CG45,HZDEMwTocYY,15 Min Lower Body Strength Workout,15 Min LEG WORKOUT WITH DUMBBELLS,Caroline Girvan,https://www.youtube.com/@CarolineGirvan,https://www.youtube.com/watch?v=HZDEMwTocYY,Workout,Strength,High,Lower Body,Legs,,Dumbbells,High,Mixed,None,Loud,15,10-20,N,,N,14,Ok,12/31/25
YF-CG46,VKXozqD0KWA,20 Min Lower Body Strength Workout,20 Min TOTAL QUADS WORKOUT,Caroline Girvan,https://www.youtube.com/@CarolineGirvan,https://www.youtube.com/watch?v=VKXozqD0KWA,Workout,Strength,High,Lower Body,Legs,,Dumbbells,High,Mixed,None,Loud,20,15-25,N,,N,14,Ok,12/31/25
YF-CG47,ZZI__bqlBkQ,20 Min Lower Body Strength Workout,20 Minute Dumbbell Leg Workout,Caroline Girvan,https://www.youtube.com/@CarolineGirvan,https://www.youtube.com/watch?v=ZZI__bqlBkQ,Workout,Strength,High,Lower Body,Legs,,Dumbbells,High,Mixed,None,Loud,20,15-25,N,,N,14,Ok,12/31/25
YF-CG48,8rbPbPHHn8I,20 Min Lower Body Strength Workout,Lots of Lunges 20 Minute Leg Workout,Caroline Girvan,https://www.youtube.com/@CarolineGirvan,https://www.youtube.com/watch?v=8rbPbPHHn8I,Workout,Strength,High,Lower Body,Legs,,Dumbbells,High,Mixed,None,Loud,20,15-25,N,,N,14,Ok,12/31/25
YF-CG49,-7V14if67_8,20 Min Lower Body Strength Workout,20 Minute Dumbbell Lower Body Circuits Workout,Caroline Girvan,https://www.youtube.com/@CarolineGirvan,https://www.youtube.com/watch?v=-7V14if67_8,Workout,Strength,High,Lower Body,Legs,,Dumbbells,High,Mixed,None,Loud,20,15-25,N,,N,14,Ok,12/31/25
YF-CG50,SCxNnWW2zB8,30 Min Lower Body Strength Workout,IRON Series 30 Min Leg Workout,Caroline Girvan,https://www.youtube.com/@CarolineGirvan,https://www.youtube.com/watch?v=SCxNnWW2zB8,Workout,Strength,High,Lower Body,Legs,,Dumbbells,High,Mixed,None,Loud,30,25-40,N,,N,14,Ok,12/31/25
YF-CG51,2Qd-LJNJYWA,30 Min Lower Body Strength Workout,IRON Series 30 Min Glute Workout,Caroline Girvan,https://www.youtube.com/@CarolineGirvan,https://www.youtube.com/watch?v=2Qd-LJNJYWA,Workout,Strength,High,Lower Body,Legs,,Dumbbells,High,Mixed,None,Loud,30,25-40,N,,N,14,Ok,12/31/25
YF-CG52,UBlcDuodQXM,30 Min Lower Body Strength Workout,IRON Series 30 Min Quad Workout,Caroline Girvan,https://www.youtube.com/@CarolineGirvan,https://www.youtube.com/watch?v=UBlcDuodQXM,Workout,Strength,High,Lower Body,Legs,,Dumbbells,High,Mixed,None,Loud,30,25-40,N,,N,14,Ok,12/31/25
YF-CG53,knrmFCI4XiI,30 Min Lower Body Strength Workout,IRON Series 30 Min Hamstrings Workout,Caroline Girvan,https://www.youtube.com/@CarolineGirvan,https://www.youtube.com/watch?v=knrmFCI4XiI,Workout,Strength,High,Lower Body,Legs,,Dumbbells,High,Mixed,None,Loud,30,25-40,N,,N,14,Ok,12/31/25
YF-CG54,K-tLY96Jq6o,30 Min Lower Body Strength Workout,IRON Series 30 Min Superset Glutes and Hamstrings Workout,Caroline Girvan,https://www.youtube.com/@CarolineGirvan,https://www.youtube.com/watch?v=K-tLY96Jq6o,Workout,Strength,High,Lower Body,Legs,,Dumbbells,High,Mixed,None,Loud,30,25-40,N,,N,14,Ok,12/31/25
YF-CG55,hBanCm-yqB8,30 Min Lower Body Strength Workout,FUEL Series 30 Min Dumbbell LEG DAY CIRCUITS Workout,Caroline Girvan,https://www.youtube.com/@CarolineGirvan,https://www.youtube.com/watch?v=hBanCm-yqB8,Workout,Strength,High,Lower Body,Legs,,Dumbbells,High,Mixed,None,Loud,30,25-40,N,,N,14,Ok,12/31/25
YF-CG56,3qScLxwUAz4,30 Min Lower Body Strength Workout,FUEL Series 30 Min Glutes & Hamstrings Tempo Workout,Caroline Girvan,https://www.youtube.com/@CarolineGirvan,https://www.youtube.com/watch?v=3qScLxwUAz4,Workout,Strength,High,Lower Body,Legs,,Dumbbells,High,Mixed,None,Loud,30,25-40,N,,N,14,Ok,12/31/25
YF-CG57,3oeimlA6s68,20 Min Core Strength Workout,20 Min ABS WORKOUT,Caroline Girvan,https://www.youtube.com/@CarolineGirvan,https://www.youtube.com/watch?v=3oeimlA6s68,Workout,Strength,High,Core,Abs,,None,High,Mixed,None,Loud,20,15-25,N,,N,14,Ok,12/31/25
YF-CG58,cS-bIr-6hQM,15 Min Core Strength Workout,15 MIN ROCK HARD ABS WORKOUT,Caroline Girvan,https://www.youtube.com/@CarolineGirvan,https://www.youtube.com/watch?v=cS-bIr-6hQM,Workout,Strength,High,Core,Abs,,None,High,Mixed,None,Loud,15,10-20,N,,N,14,Ok,12/31/25
YF-CG59,r7gKGvjfyHg,10 Min Core Strength Workout,10 MIN AB COMPLEX,Caroline Girvan,https://www.youtube.com/@CarolineGirvan,https://www.youtube.com/watch?v=r7gKGvjfyHg,Workout,Strength,High,Core,Abs,,None,High,Mixed,None,Loud,10,5-15,N,,N,14,Ok,12/31/25
YF-CG60,kjH0HnC7370,10 Min Core Strength Workout,10 Min STELLAR ABS Workout,Caroline Girvan,https://www.youtube.com/@CarolineGirvan,https://www.youtube.com/watch?v=kjH0HnC7370,Workout,Strength,High,Core,Abs,,None,High,Mixed,None,Loud,10,5-15,N,,N,14,Ok,12/31/25
YF-CG61,RWzjUMWTpe0,10 Min Core Strength Workout,10 Minute POISED Ab Workout,Caroline Girvan,https://www.youtube.com/@CarolineGirvan,https://www.youtube.com/watch?v=RWzjUMWTpe0,Workout,Strength,High,Core,Abs,,None,High,Mixed,None,Loud,10,5-15,N,,N,14,Ok,12/31/25
YF-CG62,Z_dgrjRlD_4,10 Min Core Strength Workout,10 Min AB WORKOUT,Caroline Girvan,https://www.youtube.com/@CarolineGirvan,https://www.youtube.com/watch?v=Z_dgrjRlD_4,Workout,Strength,High,Core,Abs,,None,High,Mixed,None,Loud,10,5-15,N,,N,14,Ok,12/31/25
YF-CG63,eAi7EAE6-cU,30 Min Core Strength Workout,30 Minute ABSolute ABS and Core Workout,Caroline Girvan,https://www.youtube.com/@CarolineGirvan,https://www.youtube.com/watch?v=eAi7EAE6-cU,Workout,Strength,High,Core,Abs,,None,High,Mixed,None,Loud,30,25-40,N,,N,14,Ok,12/31/25
YF-CG64,_4TXcvnx32E,10 Min Core Strength Workout,10 Min BRACED CORE AND ABS WORKOUT,Caroline Girvan,https://www.youtube.com/@CarolineGirvan,https://www.youtube.com/watch?v=_4TXcvnx32E,Workout,Strength,High,Core,Abs,,None,High,Mixed,None,Loud,10,5-15,N,,N,14,Ok,12/31/25
YF-CG65,kaNktg56JaI,30 Min Full Body Strength Workout,DIVERSE 30 MIN FULL BODY WORKOUT,Caroline Girvan,https://www.youtube.com/@CarolineGirvan,https://www.youtube.com/watch?v=kaNktg56JaI,Workout,Strength,High,Full Body,,,Dumbbells,High,Mixed,None,Loud,30,25-40,N,,N,14,Ok,12/31/25
YF-FM01,2m5DZC1aiXI,20 Min Lower Body Strength Workout,20 min BOOTY AND LEGS WORKOUT,fitbymik,https://www.youtube.com/@fitbymik,https://www.youtube.com/watch?v=2m5DZC1aiXI,Workout,Strength,Medium,Lower Body,Legs,Glutes,None,Mixed,Mixed,Some,Loud,20,15-25,Y,,N,14,Ok,12/29/25
YF-FM02,d7j9p9JpLaE,15 Min Upper Body Strength Workout,15 min STANDING ARM WORKOUT,fitbymik,https://www.youtube.com/@fitbymik,https://www.youtube.com/watch?v=d7j9p9JpLaE,Workout,Strength,Medium,Upper Body,Arms,,Dumbbells,Mixed,Standing,Some,Loud,15,10-20,Y,,N,14,Ok,12/29/25
YF-FM03,_VYxsEYJ6d0,30 Min Cardio HIIT Workout,30 min SPICY FULL BODY HIIT WORKOUT,fitbymik,https://www.youtube.com/@fitbymik,https://www.youtube.com/watch?v=_VYxsEYJ6d0,Workout,HIIT,High,Cardio,Full Body,,None,Mixed,Mixed,Some,Loud,30,25-40,Y,,N,7,Ok,12/30/25
YF-FM04,_rDpurTu5kA,5 Min Full Body Stretch Cooldown,5 min COOL DOWN STRETCH ROUTINE | After Workout | Muscle Recovery,fitbymik,https://www.youtube.com/@fitbymik,https://www.youtube.com/watch?v=_rDpurTu5kA,Cooldown,Stretch,Low,Full Body,Flexibility,,None,Low,Mixed,Lots,Quiet,5,5-15,Y,,N,3,Ok,12/30/25
YF-FM05,0FNPcDNuSAI,15 Min Cardio HIIT Workout,15 min CARDIO KICKBOXING WORKOUT,fitbymik,https://www.youtube.com/@fitbymik,https://www.youtube.com/watch?v=0FNPcDNuSAI,Workout,HIIT,High,Cardio,,,None,Mixed,Mixed,Some,Loud,15,10-20,N,,N,7,Ok,12/31/25
YF-FM06,E0P28U_8cps,30 Min Cardio HIIT Workout,30 min FULL BODY HIIT WORKOUT,fitbymik,https://www.youtube.com/@fitbymik,https://www.youtube.com/watch?v=E0P28U_8cps,Workout,HIIT,High,Cardio,,,None,Mixed,Mixed,Some,Loud,30,25-40,N,,N,7,Ok,12/31/25
YF-FM07,iP-CsK9gl3M,20 Min Cardio HIIT Workout,20 min LOW IMPACT HIIT WORKOUT,fitbymik,https://www.youtube.com/@fitbymik,https://www.youtube.com/watch?v=iP-CsK9gl3M,Workout,HIIT,Low,Cardio,,,None,Low,Mixed,Some,Loud,20,15-25,N,,N,7,Ok,12/31/25
YF-FM08,QzKXnh23lKE,20 Min Cardio HIIT Workout,20 min Full Body HIIT WORKOUT,fitbymik,https://www.youtube.com/@fitbymik,https://www.youtube.com/watch?v=QzKXnh23lKE,Workout,HIIT,Medium,Cardio,Legs,,None,Mixed,Mixed,Some,Loud,20,15-25,N,,N,7,Ok,12/31/25
YF-FM09,EtHDYk_0lzk,15 Min Upper Body Strength Workout,15 min STANDING ARMS AND ABS WORKOUT,fitbymik,https://www.youtube.com/@fitbymik,https://www.youtube.com/watch?v=EtHDYk_0lzk,Workout,Strength,Medium,Upper Body,Arms,Abs,Dumbbells,Mixed,Standing,Some,Loud,15,10-20,N,,N,14,Ok,12/31/25
YF-FM10,60LRBIEiT6s,15 Min Upper Body Strength Workout,15 min STANDING ARM WORKOUT,fitbymik,https://www.youtube.com/@fitbymik,https://www.youtube.com/watch?v=60LRBIEiT6s,Workout,Strength,Medium,Upper Body,Arms,,Dumbbells,Mixed,Standing,Some,Loud,15,10-20,N,,N,14,Ok,12/31/25
YF-FM11,lC6nUOFOokk,15 Min Upper Body Strength Workout,15 min UPPER BODY WORKOUT,fitbymik,https://www.youtube.com/@fitbymik,https://www.youtube.com/watch?v=lC6nUOFOokk,Workout,Strength,Medium,Upper Body,Arms,,Dumbbells,Mixed,Mixed,Some,Loud,15,10-20,N,,N,14,Ok,12/31/25
YF-FM12,M5LcX_dpL34,20 Min Upper Body Strength Workout,20 min STANDING ARM WORKOUT,fitbymik,https://www.youtube.com/@fitbymik,https://www.youtube.com/watch?v=M5LcX_dpL34,Workout,Strength,Medium,Upper Body,Arms,,Dumbbells,Mixed,Standing,Some,Loud,20,15-25,N,,N,14,Ok,12/31/25
YF-FM13,bUrPdvKEsXs,15 Min Upper Body Strength Workout,15 min UPPER BODY WORKOUT,fitbymik,https://www.youtube.com/@fitbymik,https://www.youtube.com/watch?v=bUrPdvKEsXs,Workout,Strength,Medium,Upper Body,,,Dumbbells,Mixed,Mixed,Some,Loud,15,10-20,N,,N,14,Ok,12/31/25
YF-FM14,Eh2fLuqVnW8,30 Min Lower Body Strength Workout,30 min LOWER BODY WORKOUT,fitbymik,https://www.youtube.com/@fitbymik,https://www.youtube.com/watch?v=Eh2fLuqVnW8,Workout,Strength,Medium,Lower Body,Legs,,Dumbbells,Mixed,Mixed,Some,Loud,30,25-40,N,,N,14,Ok,12/31/25
YF-FM15,_3x2U0jhDT0,30 Min Lower Body Strength Workout,30 min LOWER BODY WORKOUT,fitbymik,https://www.youtube.com/@fitbymik,https://www.youtube.com/watch?v=_3x2U0jhDT0,Workout,Strength,Medium,Lower Body,Legs,,Dumbbells,Mixed,Mixed,Some,Loud,30,25-40,N,,N,14,Ok,12/31/25
YF-FM16,mLhqe0Ey_Rc,20 Min Lower Body Strength Workout,20 min LEGS AND BOOTY WORKOUT,fitbymik,https://www.youtube.com/@fitbymik,https://www.youtube.com/watch?v=mLhqe0Ey_Rc,Workout,Strength,Medium,Lower Body,Legs,Glutes,Dumbbells,Mixed,Mixed,Some,Loud,20,15-25,N,,N,14,Ok,12/31/25
YF-FM17,ZaWRhONt-74,20 Min Upper Body Strength Workout,20 min STANDING ARMS AND ABS WORKOUT,fitbymik,https://www.youtube.com/@fitbymik,https://www.youtube.com/watch?v=ZaWRhONt-74,Workout,Strength,Medium,Upper Body,Arms,Abs,Dumbbells,Mixed,Standing,Some,Loud,20,15-25,N,,N,14,Ok,12/31/25
YF-FM18,aKhFl2qUbbI,30 Min Full Body Strength Workout,30 min STANDING FULL BODY WORKOUT,fitbymik,https://www.youtube.com/@fitbymik,https://www.youtube.com/watch?v=aKhFl2qUbbI,Workout,Strength,Medium,Full Body,Arms,,Dumbbells,Mixed,Standing,Some,Loud,30,25-40,N,,N,14,Ok,12/31/25
YF-FM19,sLBlfpsTEjs,25 Min Full Body Strength Workout,25 min DUMBBELL STRENGTH WORKOUT,fitbymik,https://www.youtube.com/@fitbymik,https://www.youtube.com/watch?v=sLBlfpsTEjs,Workout,Strength,Medium,Full Body,,,Dumbbells,Mixed,Mixed,Some,Loud,25,20-30,N,,N,14,Ok,12/31/25
YF-FM20,kQOdjI3M2Zo,30 Min Full Body Strength Workout,30 min FULL BODY STRENGTH WORKOUT,fitbymik,https://www.youtube.com/@fitbymik,https://www.youtube.com/watch?v=kQOdjI3M2Zo,Workout,Strength,Medium,Full Body,,,Dumbbells,Mixed,Mixed,Some,Loud,30,25-40,N,,N,14,Ok,12/31/25
YF-FM21,WzA8Wywl0GI,25 Min Full Body Strength Workout,25 min STANDING DUMBBELL WORKOUT,fitbymik,https://www.youtube.com/@fitbymik,https://www.youtube.com/watch?v=WzA8Wywl0GI,Workout,Strength,Medium,Full Body,,,Dumbbells,Mixed,Standing,Some,Loud,25,20-30,N,,N,14,Ok,12/31/25
YF-GA01,r-g6pLPK-MM,20 Min Full Body HIIT Workout,20 MIN NO JUMPING SWEATY HIIT,growingannanas,https://www.youtube.com/@growingannanas,https://www.youtube.com/watch?v=r-g6pLPK-MM,Workout,HIIT,Medium,Full Body,Cardio,Abs,None,Mixed,Mixed,None,Moderate,20,15-25,Y,,N,5,Ok,12/30/25
YF-GA02,o__2L-LzhWQ,30 Min Cardio HIIT Workout,INTENSE NO JUMPING FULL BODY HIIT WORKOUT,growingannanas,https://www.youtube.com/@growingannanas,https://www.youtube.com/watch?v=o__2L-LzhWQ,Workout,HIIT,High,Cardio,Full Body,,Dumbbells,High,Mixed,None,Loud,30,25-40,Y,,N,5,Ok,12/30/25
YF-GA03,_AYxvhfILOA,30 Min Cardio HIIT Workout,30 MIN KILLER NO JUMPING HIIT Workout,growingannanas,https://www.youtube.com/@growingannanas,https://www.youtube.com/watch?v=_AYxvhfILOA,Workout,HIIT,Medium,Cardio,,,None,Mixed,Mixed,None,Moderate,30,25-40,N,,N,14,Ok,12/31/25
YF-GA04,qm0jfBEbGrU,30 Min Cardio HIIT Workout,30 MIN Freaky Friday LOW IMPACT,growingannanas,https://www.youtube.com/@growingannanas,https://www.youtube.com/watch?v=qm0jfBEbGrU,Workout,HIIT,Medium,Cardio,,,None,Mixed,Mixed,None,Moderate,30,25-40,N,,N,14,Ok,12/31/25
YF-GA05,z6BWfLVr_fA,30 Min Cardio HIIT Workout,30 MIN NO SQUATS NO LUNGES NO JUMPING HIIT Workout,growingannanas,https://www.youtube.com/@growingannanas,https://www.youtube.com/watch?v=z6BWfLVr_fA,Workout,HIIT,Medium,Cardio,,,None,Mixed,Mixed,None,Moderate,30,25-40,N,,N,14,Ok,12/31/25
YF-GA06,nckYpvVpumc,20 Min Lower Body Strength Workout,20 MIN BOOTY PUMP Workout,growingannanas,https://www.youtube.com/@growingannanas,https://www.youtube.com/watch?v=nckYpvVpumc,Workout,Strength,Medium,Lower Body,Glutes,,None,Mixed,Mixed,None,Moderate,20,15-25,N,,N,14,Ok,12/31/25
YF-GA07,WrAlG2s12E4,30 Min Cardio Strength Workout,30 MIN NO JUMPING Cardio & Strength Workout,growingannanas,https://www.youtube.com/@growingannanas,https://www.youtube.com/watch?v=WrAlG2s12E4,Workout,Strength,Medium,Cardio,,,None,Mixed,Mixed,None,Moderate,30,25-40,N,,N,14,Ok,12/31/25
YF-GA08,aPF7rUv0CZs,15 Min Upper Body Strength Workout,15 MIN TONED BACK & CORE,growingannanas,https://www.youtube.com/@growingannanas,https://www.youtube.com/watch?v=aPF7rUv0CZs,Workout,Strength,Medium,Upper Body,Back,Abs,None,Mixed,Mixed,None,Moderate,15,10-20,N,,N,,Ok,12/31/25
YF-GA09,olJ6ljjtoTM,30 Min Lower Body Strength Workout,"30 MIN LEG WORKOUT with weights, dumbbells",growingannanas,https://www.youtube.com/@growingannanas,https://www.youtube.com/watch?v=olJ6ljjtoTM,Workout,Strength,Medium,Lower Body,Legs,,Dumbbells,Mixed,Mixed,None,Moderate,30,25-40,N,,N,,Ok,12/31/25
YF-GA10,Odj-xcMGxjo,30 Min Upper Body Strength Workout,30 MIN TONED ARMS & ABS WORKOUT,growingannanas,https://www.youtube.com/@growingannanas,https://www.youtube.com/watch?v=Odj-xcMGxjo,Workout,Strength,Medium,Upper Body,Arms,Abs,None,Mixed,Mixed,None,Moderate,30,25-40,N,,N,,Ok,12/31/25
YF-GA11,vlDnJSBJJhQ,30 Min Upper Body Strength Workout,30 MIN STRONG TONED ARMS,growingannanas,https://www.youtube.com/@growingannanas,https://www.youtube.com/watch?v=vlDnJSBJJhQ,Workout,Strength,Medium,Upper Body,,,Dumbbells,Mixed,Mixed,None,Moderate,30,25-40,N,,N,,Ok,12/31/25
YF-GA12,afjBIrq9IeQ,15 Min Core Strength Workout,15 MIN INTENSE ABS Workout,growingannanas,https://www.youtube.com/@growingannanas,https://www.youtube.com/watch?v=afjBIrq9IeQ,Workout,Strength,Medium,Core,Abs,,None,Mixed,Mixed,None,Moderate,15,10-20,N,,N,14,Ok,12/31/25
YF-GA13,Hhw7z3koeHs,15 Min Core Strength Workout,15 MIN TABATA AB Workout,growingannanas,https://www.youtube.com/@growingannanas,https://www.youtube.com/watch?v=Hhw7z3koeHs,Workout,Strength,Medium,Core,Abs,,None,Low,Floor,None,Loud,15,10-20,Y,,N,,Ok,12/31/25
YF-GA14,NiA6hU7co-Y,15 Min Core Strength Workout,15 MIN ABS OF STEEL Workout,growingannanas,https://www.youtube.com/@growingannanas,https://www.youtube.com/watch?v=NiA6hU7co-Y,Workout,Strength,Medium,Core,Abs,,None,Mixed,Mixed,None,Moderate,15,10-20,N,,N,14,Ok,12/31/25
YF-GA15,URtLwJC6gXk,15 Min Core Strength Workout,"15 MIN Strong ABS WORKOUT, Day 13 -",growingannanas,https://www.youtube.com/@growingannanas,https://www.youtube.com/watch?v=URtLwJC6gXk,Workout,Strength,Medium,Core,Abs,,None,Mixed,Mixed,None,Moderate,15,10-20,N,,N,14,Ok,12/31/25
YF-GA16,7nIOqf23Ec0,15 Min Core Strength Workout,15 MIN STRONG ABS Workout,growingannanas,https://www.youtube.com/@growingannanas,https://www.youtube.com/watch?v=7nIOqf23Ec0,Workout,Strength,Medium,Core,Abs,,None,Mixed,Mixed,None,Moderate,15,10-20,N,,N,14,Ok,12/31/25
YF-GA17,YHx_mah4Xhs,15 Min Core Strength Workout,15 MIN ABS BURNER Workout,growingannanas,https://www.youtube.com/@growingannanas,https://www.youtube.com/watch?v=YHx_mah4Xhs,Workout,Strength,Medium,Core,Legs,,None,Mixed,Mixed,None,Moderate,15,10-20,N,,N,14,Ok,12/31/25
YF-GA18,KIcAjq0MuoI,30 Min Full Body Strength Workout,30 MIN KILLER Full Body Workout,growingannanas,https://www.youtube.com/@growingannanas,https://www.youtube.com/watch?v=KIcAjq0MuoI,Workout,Strength,Medium,Full Body,Abs,,Dumbbells,Mixed,Mixed,None,Moderate,30,25-40,N,,N,14,Ok,12/31/25
YF-GA19,l7zH_nfYO7U,30 Min Full Body Strength Workout,30 MIN FULL BODY NO JUMPING + ABS Workout,growingannanas,https://www.youtube.com/@growingannanas,https://www.youtube.com/watch?v=l7zH_nfYO7U,Workout,Strength,Medium,Full Body,Abs,,None,Mixed,Mixed,None,Moderate,30,25-40,N,,N,14,Ok,12/31/25
YF-GA20,tmEeghaHoz0,30 Min Full Body Strength Workout,30 MIN LOW IMPACT Full Body Workout,growingannanas,https://www.youtube.com/@growingannanas,https://www.youtube.com/watch?v=tmEeghaHoz0,Workout,Strength,Low,Full Body,,,None,Low,Mixed,None,Moderate,30,25-40,N,,N,14,Ok,12/31/25
YF-GA21,8zL2a7CttSA,30 Min Full Body Strength Workout,30 MIN YOU VS YOU Full Body Workout with Weights,growingannanas,https://www.youtube.com/@growingannanas,https://www.youtube.com/watch?v=8zL2a7CttSA,Workout,Strength,Medium,Full Body,,,Dumbbells,Mixed,Mixed,None,Moderate,30,25-40,N,,N,14,Ok,12/31/25
YF-GB01,tW7tHDTzEGk,10 Min Upper Body Strength Workout,10 MIN TONED UPPER BODY & ARMS WORKOUT,GainsByBrains,https://www.youtube.com/@TRAINWITHGAINSBYBRAINS,https://www.youtube.com/watch?v=tW7tHDTzEGk,Workout,Strength,Low,Upper Body,Arms,,Dumbbells,Mixed,Mixed,None,Moderate,10,5-15,Y,,N,14,Ok,12/29/25
YF-GB02,as5DvVo2P-k,10 Min Core Strength Workout,10 MIN INTENSE AB WORKOUT,GainsByBrains,https://www.youtube.com/@TRAINWITHGAINSBYBRAINS,https://www.youtube.com/watch?v=as5DvVo2P-k,Workout,Strength,High,Core,Abs,,None,High,Mixed,None,Loud,10,5-15,Y,,N,14,Ok,12/30/25
YF-GB03,aH2Ex76kjgA,10 Min Core Strength Workout,10 MIN STANDING AB WORKOUT,GainsByBrains,https://www.youtube.com/@TRAINWITHGAINSBYBRAINS,https://www.youtube.com/watch?v=aH2Ex76kjgA,Workout,Strength,Medium,Core,Abs,,None,Mixed,Standing,None,Loud,10,5-15,Y,,N,14,Ok,12/30/25
YF-GB04,tfPoEnaCBjg,10 Min Core Strength Workout,10 MIN INTENSE AB WORKOUT,GainsByBrains,https://www.youtube.com/@TRAINWITHGAINSBYBRAINS,https://www.youtube.com/watch?v=tfPoEnaCBjg,Workout,Strength,High,Core,Abs,,None,Mixed,Mixed,None,Moderate,10,5-15,N,,N,14,Ok,12/31/25
YF-GB05,KgvZm2L96Xw,10 Min Core Strength Workout,10 MIN DAILY AB WORKOUT,GainsByBrains,https://www.youtube.com/@TRAINWITHGAINSBYBRAINS,https://www.youtube.com/watch?v=KgvZm2L96Xw,Workout,Strength,High,Core,Abs,,None,Mixed,Mixed,None,Moderate,10,5-15,N,,N,14,Ok,12/31/25
YF-GB06,F8AMxKVjgdI,10 Min Core Strength Workout,10 MIN INTENSE AB WORKOUT,GainsByBrains,https://www.youtube.com/@TRAINWITHGAINSBYBRAINS,https://www.youtube.com/watch?v=F8AMxKVjgdI,Workout,Strength,High,Core,Abs,,None,Mixed,Mixed,None,Moderate,10,5-15,N,,N,14,Ok,12/31/25
YF-GB07,Lms9y5EcK-k,10 Min Core Strength Workout,10 MIN LOWER AB WORKOUT,GainsByBrains,https://www.youtube.com/@TRAINWITHGAINSBYBRAINS,https://www.youtube.com/watch?v=Lms9y5EcK-k,Workout,Strength,Medium,Core,Abs,,None,Mixed,Mixed,None,Moderate,10,5-15,N,,N,14,Ok,12/31/25
YF-GB08,ty_A2sb1yak,10 Min Core Strength Workout,10 MIN AB WORKOUT WITH DUMBBELL,GainsByBrains,https://www.youtube.com/@TRAINWITHGAINSBYBRAINS,https://www.youtube.com/watch?v=ty_A2sb1yak,Workout,Strength,Medium,Core,Abs,,Dumbbells,Mixed,Mixed,None,Moderate,10,5-15,N,,N,14,Ok,12/31/25
YF-GB09,jFEuZkijvbY,10 Min Lower Body Strength Workout,10 MIN SEXY LEGS WORKOUT,GainsByBrains,https://www.youtube.com/@TRAINWITHGAINSBYBRAINS,https://www.youtube.com/watch?v=jFEuZkijvbY,Workout,Strength,Medium,Lower Body,Legs,,None,Mixed,Mixed,None,Moderate,10,5-15,N,,N,14,Ok,12/31/25
YF-GB10,ZBF2QeFKlrs,10 Min Lower Body Strength Workout,10 MIN LOW IMPACT LEG WORKOUT,GainsByBrains,https://www.youtube.com/@TRAINWITHGAINSBYBRAINS,https://www.youtube.com/watch?v=ZBF2QeFKlrs,Workout,Strength,Low,Lower Body,Legs,,None,Low,Mixed,None,Moderate,10,5-15,N,,N,14,Ok,12/31/25
YF-GB11,RUFIMvM-R44,10 Min Lower Body Strength Workout,10 MIN SHAPE UP YOUR LEGS & GLUTES,GainsByBrains,https://www.youtube.com/@TRAINWITHGAINSBYBRAINS,https://www.youtube.com/watch?v=RUFIMvM-R44,Workout,Strength,Medium,Lower Body,Legs,,Dumbbells,Mixed,Mixed,None,Moderate,10,5-15,N,,N,14,Ok,12/31/25
YF-GB12,ORD9mviiVaw,20 Min Lower Body Strength Workout,20 MIN PERFECT BUBBLE BUTT WORKOUT,GainsByBrains,https://www.youtube.com/@TRAINWITHGAINSBYBRAINS,https://www.youtube.com/watch?v=ORD9mviiVaw,Workout,Strength,Medium,Lower Body,Legs,,Dumbbells,Mixed,Mixed,None,Moderate,20,15-25,N,,N,14,Ok,12/31/25
YF-GB13,pfSG4PpxGl4,10 Min Lower Body Strength Workout,10 MIN TONED INNER THIGH WORKOUT,GainsByBrains,https://www.youtube.com/@TRAINWITHGAINSBYBRAINS,https://www.youtube.com/watch?v=pfSG4PpxGl4,Workout,Strength,Medium,Lower Body,Quads,,Dumbbells,Mixed,Mixed,None,Moderate,10,5-15,N,,N,14,Ok,12/31/25
YF-GB14,5x99Apvys2s,15 Min Upper Body Strength Workout,15 MIN UPPER BODY SCULPT For Upper Body Definition,GainsByBrains,https://www.youtube.com/@TRAINWITHGAINSBYBRAINS,https://www.youtube.com/watch?v=5x99Apvys2s,Workout,Strength,Medium,Upper Body,,,Dumbbells,Mixed,Mixed,None,Moderate,15,10-20,N,,N,14,Ok,12/31/25
YF-GB15,0lfqZIyM8IQ,10 Min Lower Body Strength Workout,TONED LEGS & ROUND BOOTY,GainsByBrains,https://www.youtube.com/@TRAINWITHGAINSBYBRAINS,https://www.youtube.com/watch?v=0lfqZIyM8IQ,Workout,Strength,Medium,Lower Body,Legs,Glutes,Dumbbells,Mixed,Mixed,None,Moderate,10,5-15,N,,N,14,Ok,12/31/25
YF-GB16,VeiWK470HcQ,15 Min Upper Body Strength Workout,15 MIN UPPER BODY WORKOUT,GainsByBrains,https://www.youtube.com/@TRAINWITHGAINSBYBRAINS,https://www.youtube.com/watch?v=VeiWK470HcQ,Workout,Strength,Medium,Upper Body,,,Dumbbells,Mixed,Mixed,None,Moderate,15,10-20,N,,N,14,Ok,12/31/25
YF-GB17,pEySXZAszcY,10 Min Upper Body Strength Workout,10 MIN TONED ARMS WORKOUT,GainsByBrains,https://www.youtube.com/@TRAINWITHGAINSBYBRAINS,https://www.youtube.com/watch?v=pEySXZAszcY,Workout,Strength,Medium,Upper Body,Arms,,Dumbbells,Mixed,Mixed,None,Moderate,10,5-15,N,,N,14,Ok,12/31/25
YF-GB18,cGxJ79TbsAI,10 Min Lower Body Strength Workout,10 MIN INTENSE LEAN LEGS WORKOUT,GainsByBrains,https://www.youtube.com/@TRAINWITHGAINSBYBRAINS,https://www.youtube.com/watch?v=cGxJ79TbsAI,Workout,Strength,High,Lower Body,Legs,,Dumbbells,Mixed,Mixed,None,Moderate,10,5-15,N,,N,14,Ok,12/31/25
YF-GB19,VxW0YhlHhhY,10 Min Lower Body Strength Workout,10 MIN BOOTY PUMP WITH DUMBBELL,GainsByBrains,https://www.youtube.com/@TRAINWITHGAINSBYBRAINS,https://www.youtube.com/watch?v=VxW0YhlHhhY,Workout,Strength,Medium,Lower Body,Glutes,,Dumbbells,Mixed,Mixed,None,Moderate,10,5-15,N,,N,14,Ok,12/31/25
YF-HR01,yPJiXGoj2uw,25 Min Cardio HIIT Workout,"Low Impact, No Repeats HIIT",Heather Robinson,https://www.youtube.com/@Heatherrobertsoncom,https://www.youtube.com/watch?v=yPJiXGoj2uw,Workout,HIIT,Low,Cardio,Full Body,,None,Low,Mixed,None,Loud,25,20-30,Y,,N,5,Ok,12/30/25
YF-HR02,nitM-Iv1aWM,30 Min Core Strength Workout,Powerful Pilates Core Workout,Heather Robinson,https://www.youtube.com/@Heatherrobertsoncom,https://www.youtube.com/watch?v=nitM-Iv1aWM,Workout,Strength,Low,Core,Abs,,None,Low,Mixed,None,Loud,30,25-40,N,,N,14,Ok,12/31/25
YF-HR03,7bwRuji2wbM,20 Min Full Body HIIT Workout,LOW IMPACT HIIT Workout With Weights,Heather Robinson,https://www.youtube.com/@Heatherrobertsoncom,https://www.youtube.com/watch?v=7bwRuji2wbM,Workout,HIIT,Low,Full Body,Cardio,,Dumbbells,Low,Mixed,None,Loud,20,15-25,N,,N,14,Ok,12/31/25
YF-HR04,MIPC31kYPW4,25 Min Full Body Strength Workout,Intense FULL BODY STRENGTH Workout,Heather Robinson,https://www.youtube.com/@Heatherrobertsoncom,https://www.youtube.com/watch?v=MIPC31kYPW4,Workout,Strength,Medium,Full Body,,,Dumbbells,Mixed,Mixed,None,Loud,25,20-30,N,,N,14,Ok,12/31/25
YF-HR05,Qff2gyaBa4g,30 Min Full Body Strength Workout,Yoga Inspired // FULL BODY WORKOUT,Heather Robinson,https://www.youtube.com/@Heatherrobertsoncom,https://www.youtube.com/watch?v=Qff2gyaBa4g,Workout,Strength,Low,Full Body,Mobility,,None,Low,Mixed,None,Loud,30,25-40,N,,N,14,Ok,12/31/25
YF-HR06,SOsVjNUf1OI,35 Min Full Body HIIT Workout,Pilates Fusion // Full Body HIIT Workout,Heather Robinson,https://www.youtube.com/@Heatherrobertsoncom,https://www.youtube.com/watch?v=SOsVjNUf1OI,Workout,HIIT,Low,Full Body,Cardio,,None,Low,Mixed,None,Loud,35,30-40,N,,N,14,Ok,12/31/25
YF-HR07,yugCf8-uVMk,40 Min Full Body HIIT Workout,Low Impact HIIT // Strength + Cardio Workout,Heather Robinson,https://www.youtube.com/@Heatherrobertsoncom,https://www.youtube.com/watch?v=yugCf8-uVMk,Workout,HIIT,Low,Full Body,Cardio,,Dumbbells,Low,Mixed,None,Loud,40,35-45,N,,N,14,Ok,12/31/25
YF-HR08,-h6t_ZFvDGk,45 Min Full Body HIIT Workout,LOW IMPACT // Total Body HIIT Workout,Heather Robinson,https://www.youtube.com/@Heatherrobertsoncom,https://www.youtube.com/watch?v=-h6t_ZFvDGk,Workout,HIIT,Low,Full Body,Cardio,,Dumbbells,Low,Mixed,None,Loud,45,40-60,N,,N,14,Ok,12/31/25
YF-HR09,mvMEl9_nCZo,30 Min Full Body Strength Workout,30MIN Total Body Strength // Supersets Workout,Heather Robinson,https://www.youtube.com/@Heatherrobertsoncom,https://www.youtube.com/watch?v=mvMEl9_nCZo,Workout,Strength,Medium,Full Body,,,Dumbbells,Mixed,Mixed,None,Loud,30,25-40,N,,N,14,Ok,12/31/25
YF-HR10,mhpo6ARhh_Q,30 Min Full Body Strength Workout,30MIN Full Body Strength Workout,Heather Robinson,https://www.youtube.com/@Heatherrobertsoncom,https://www.youtube.com/watch?v=mhpo6ARhh_Q,Workout,Strength,Medium,Full Body,,,Dumbbells,Mixed,Mixed,None,Loud,30,25-40,N,,N,14,Ok,12/31/25
YF-HR11,oyaPdkIPTyM,30 Min Full Body Strength Workout,Low Impact Workout,Heather Robinson,https://www.youtube.com/@Heatherrobertsoncom,https://www.youtube.com/watch?v=oyaPdkIPTyM,Workout,Strength,Low,Full Body,,,Dumbbells,Low,Mixed,None,Loud,30,25-40,N,,N,14,Ok,12/31/25
YF-JR01,TNYPhJ8aPXw,10 Min Full Body Mobility Warmup,10 Min. Full Body Warm Up & Mobility | Best Prep For Your Workout | Gym Warm Up | No Equipment,mobility by julia reppel,https://www.youtube.com/@julia.reppel,https://www.youtube.com/watch?v=TNYPhJ8aPXw,Warmup,Mobility,Low,Full Body,Flexibility,,None,Low,Mixed,Some,Quiet,10,5-15,Y,,N,3,Ok,12/30/25
YF-JR02,KWJhGuj45sE,6 Min Full Body Mobility Warmup,"6 Min. Full Body Dynamic Warm Up + Mobility â€” Gym & Home Workout-Friendly, No Talking",mobility by julia reppel,https://www.youtube.com/@julia.reppel,https://www.youtube.com/watch?v=KWJhGuj45sE,Warmup,Mobility,Low,Full Body,Flexibility,,None,Low,Mixed,None,Quiet,6,5-15,Y,,N,3,Ok,12/30/25
YF-JR03,KH6XnFYHedI,10 Min Full Body Stretch Cooldown,10 Min. Full Body Stretch | Beginner-Friendly | Daily Routine for Flexibility,mobility by julia reppel,https://www.youtube.com/@julia.reppel,https://www.youtube.com/watch?v=KH6XnFYHedI,Cooldown,Stretch,Low,Full Body,Flexibility,,None,Low,Mixed,None,Quiet,10,5-15,Y,,N,3,Ok,12/30/25
YF-JR04,OUlBO3g0OIY,5 Min Upper Body Stretch Cooldown,5 Min. Upper Body Stretch | Cool Down After Workout | Quick & Easy | No Equipment,mobility by julia reppel,https://www.youtube.com/@julia.reppel,https://www.youtube.com/watch?v=OUlBO3g0OIY,Cooldown,Stretch,Low,Upper Body,Flexibility,,None,Low,Mixed,None,Quiet,5,5-15,Y,,N,3,Ok,12/29/25
YF-JR05,PbbF9DnW31w,8 Min Full Body Stretch Cooldown,"8 Min. Cool Down & Stretching Routine | Full Body, Post-Workout | No Talking",mobility by julia reppel,https://www.youtube.com/@julia.reppel,https://www.youtube.com/watch?v=PbbF9DnW31w,Cooldown,Stretch,Low,Full Body,Flexibility,,None,Low,Mixed,None,Quiet,8,5-15,Y,,N,3,Ok,12/30/25
YF-JT01,NDOlPdyZLMg,15 Min Upper Body Strength Workout,15 Minute Upper Body Dumbbell Workout,Juice & Toya,https://www.youtube.com/@JuiceandToya,https://www.youtube.com/watch?v=NDOlPdyZLMg,Workout,Strength,Medium,Upper Body,Arms,,Dumbbells,Mixed,Mixed,Some,Moderate,15,10-20,Y,,N,14,Ok,12/29/25
YF-JT02,Huq6i9gscrk,15 Min Lower Body Strength Workout,15 Minute Lower Body Dumbbell Workout,Juice & Toya,https://www.youtube.com/@JuiceandToya,https://www.youtube.com/watch?v=Huq6i9gscrk,Workout,Strength,Medium,Lower Body,Legs,,Dumbbells,Mixed,Mixed,Some,Moderate,15,10-20,Y,,N,14,Ok,12/29/25
YF-JT03,y-uAqSyMbnQ,15 Min Lower Body Strength Workout,20 Minute Lower Body & Abs Strength Workout,Juice & Toya,https://www.youtube.com/@JuiceandToya,https://www.youtube.com/watch?v=y-uAqSyMbnQ,Workout,Strength,Medium,Lower Body,Legs,Abs,Dumbbells,Mixed,Mixed,Some,Moderate,15,10-20,Y,,N,14,Ok,12/29/25
YF-JT04,IXichzb01QM,10 Min Upper Body Strength Workout,10 Minute Arms & Abs,Juice & Toya,https://www.youtube.com/@JuiceandToya,https://www.youtube.com/watch?v=IXichzb01QM,Workout,Strength,Medium,Upper Body,Abs,,None,Mixed,Mixed,Some,Moderate,10,5-15,N,,N,14,Ok,12/31/25
YF-JT05,RPbscYct3I4,20 Min Upper Body Strength Workout,20 Minute Upper Body Dumbbell Workout,Juice & Toya,https://www.youtube.com/@JuiceandToya,https://www.youtube.com/watch?v=RPbscYct3I4,Workout,Strength,Medium,Upper Body,Arms,,Dumbbells,Mixed,Mixed,Some,Moderate,20,15-25,N,,N,14,Ok,12/31/25
YF-JT06,WwsEXA2L4qc,10 Min Upper Body Strength Workout,10 Minute Upper Body Dumbbell Burnout,Juice & Toya,https://www.youtube.com/@JuiceandToya,https://www.youtube.com/watch?v=WwsEXA2L4qc,Workout,Strength,Medium,Upper Body,Arms,,Dumbbells,Mixed,Mixed,Some,Moderate,10,5-15,N,,N,14,Ok,12/31/25
YF-JT07,fkJNvdZ3CbQ,10 Min Upper Body Strength Workout,10 Minute Dumbbell Back & Bicep Workout,Juice & Toya,https://www.youtube.com/@JuiceandToya,https://www.youtube.com/watch?v=fkJNvdZ3CbQ,Workout,Strength,Medium,Upper Body,Arms,Back,Dumbbells,Mixed,Mixed,Some,Moderate,10,5-15,N,,N,14,Ok,12/31/25
YF-JT08,K5Is87jijIE,10 Min Upper Body Strength Workout,10 Minute Dumbbell Shoulder Circuit,Juice & Toya,https://www.youtube.com/@JuiceandToya,https://www.youtube.com/watch?v=K5Is87jijIE,Workout,Strength,Medium,Upper Body,Shoulders,,Dumbbells,Mixed,Mixed,Some,Moderate,10,5-15,N,,N,14,Ok,12/31/25
YF-JT09,s6dIsx6j4AE,10 Min Upper Body Strength Workout,10 Minute ARMS and ABS Workout,Juice & Toya,https://www.youtube.com/@JuiceandToya,https://www.youtube.com/watch?v=s6dIsx6j4AE,Workout,Strength,Medium,Upper Body,Abs,Arms,Dumbbells,Mixed,Mixed,Some,Moderate,10,5-15,N,,N,14,Ok,12/31/25
YF-JT10,sgwGSSz83SY,10 Min Upper Body Strength Workout,10 Minute Dumbbell Chest & Triceps Workout,Juice & Toya,https://www.youtube.com/@JuiceandToya,https://www.youtube.com/watch?v=sgwGSSz83SY,Workout,Strength,Medium,Upper Body,Triceps,Chest,Dumbbells,Mixed,Mixed,Some,Moderate,10,5-15,N,,N,14,Ok,12/31/25
YF-JT11,_PRk8DH2_mY,20 Min Lower Body Strength Workout,20 Minute Lower Body Dumbbell Strength Workout,Juice & Toya,https://www.youtube.com/@JuiceandToya,https://www.youtube.com/watch?v=_PRk8DH2_mY,Workout,Strength,Medium,Lower Body,Legs,,Dumbbells,Mixed,Mixed,Some,Moderate,20,15-25,N,,N,14,Ok,12/31/25
YF-JT12,lGYT00uTDqY,15 Min Core Strength Workout,15 Minute Ab Strength Workout,Juice & Toya,https://www.youtube.com/@JuiceandToya,https://www.youtube.com/watch?v=lGYT00uTDqY,Workout,Strength,Medium,Core,Abs,,None,Mixed,Mixed,Some,Moderate,15,10-20,N,,N,14,Ok,12/31/25
YF-JT13,CarBFqx3uzU,15 Min Core Strength Workout,15 Minute Abs Strength Workout,Juice & Toya,https://www.youtube.com/@JuiceandToya,https://www.youtube.com/watch?v=CarBFqx3uzU,Workout,Strength,Medium,Core,Abs,,None,Mixed,Mixed,Some,Moderate,15,10-20,N,,N,14,Ok,12/31/25
YF-MF01,zZ8tWnE8kzQ,20 Min Lower Body Strength Workout,20 MIN LEG/BUTT/THIGH WORKOUT,madfit,https://www.youtube.com/@MadFit,https://www.youtube.com/watch?v=zZ8tWnE8kzQ,Workout,Strength,Medium,Lower Body,Legs,Hamstrings,Dumbbells,Mixed,Mixed,Some,Moderate,20,15-25,Y,,N,14,Ok,12/29/25
YF-MF02,QZCzAXksaTc,5 Min Full Body Mobility Warmup,Do This Warm Up Before Every Workout (5 Min No Jumping Routine),madfit,https://www.youtube.com/@MadFit,https://www.youtube.com/watch?v=QZCzAXksaTc,Warmup,Mobility,Low,Full Body,Flexibility,,None,Low,Mixed,Some,Moderate,5,5-15,Y,,N,3,Ok,12/30/25
YF-MF03,_koyK-obBQY,5 Min Full Body Mobility Warmup,5 Min Warm Up For at Home or Gym Workouts,madfit,https://www.youtube.com/@MadFit,https://www.youtube.com/watch?v=_koyK-obBQY,Warmup,Mobility,Low,Full Body,Flexibility,,None,Low,Mixed,Some,Moderate,5,5-15,Y,,N,3,Ok,12/30/25
YF-MF04,CSrBaHX3HxQ,5 Min Full Body Mobility Warmup,5 Min Warm Up For at Home Workout (No Jumping),madfit,https://www.youtube.com/@MadFit,https://www.youtube.com/watch?v=CSrBaHX3HxQ,Warmup,Mobility,Low,Full Body,Flexibility,,None,Low,Mixed,Some,Moderate,5,5-15,Y,,N,3,Ok,12/30/25
YF-MF05,_sNRH65Wmuw,5 Min Full Body Mobility Warmup,5 Min Warm Up For at Home Workout (No Jumping),madfit,https://www.youtube.com/@MadFit,https://www.youtube.com/watch?v=_sNRH65Wmuw,Warmup,Mobility,Low,Full Body,Flexibility,,None,Low,Mixed,Some,Moderate,5,5-15,Y,,N,3,Ok,12/30/25
YF-MF06,awBQVJ39sKM,10 Min Full Body Mobility Warmup,10 Min Warm Up for at Home Workouts,madfit,https://www.youtube.com/@MadFit,https://www.youtube.com/watch?v=awBQVJ39sKM,Warmup,Mobility,Low,Full Body,Flexibility,,None,Low,Mixed,Some,Moderate,10,5-15,Y,,N,3,Ok,12/30/25
YF-MF07,FtmlayhEcNo,5 Min Full Body Mobility Warmup,5 Min Warm Up For at Home Workouts,madfit,https://www.youtube.com/@MadFit,https://www.youtube.com/watch?v=FtmlayhEcNo,Warmup,Mobility,Low,Full Body,Flexibility,,None,Low,Mixed,Some,Moderate,5,5-15,Y,,N,3,Ok,12/30/25
YF-MF08,f3zOrYCwquE,5 Min Full Body Mobility Warmup,5 Min Warm Up For at Home Workout (Full Body),madfit,https://www.youtube.com/@MadFit,https://www.youtube.com/watch?v=f3zOrYCwquE,Warmup,Mobility,Low,Full Body,Flexibility,,None,Low,Mixed,Some,Moderate,5,5-15,Y,,N,3,Ok,12/30/25
YF-MF09,ccUElj0LB5A,30 Min Lower Body Strength Workout,30 MIN BOOTY /LEG WORKOUT,madfit,https://www.youtube.com/@MadFit,https://www.youtube.com/watch?v=ccUElj0LB5A,Workout,Strength,Medium,Lower Body,Legs,,Dumbbells,Mixed,Mixed,Some,Moderate,30,25-40,N,,N,14,Ok,12/31/25
YF-MF10,oqaoE2cvbYg,15 Min Lower Body Strength Workout,15 MIN TONED LEGS & ROUND BOOTY WORKOUT,madfit,https://www.youtube.com/@MadFit,https://www.youtube.com/watch?v=oqaoE2cvbYg,Workout,Strength,Medium,Lower Body,,,Dumbbells,Mixed,Mixed,Some,Moderate,15,10-20,N,,N,14,Ok,12/31/25
YF-MF11,3bpO6WLpYHs,15 Min Lower Body Strength Workout,15 MIN THIGH AND BOOTY SCULPT,madfit,https://www.youtube.com/@MadFit,https://www.youtube.com/watch?v=3bpO6WLpYHs,Workout,Strength,Medium,Lower Body,,,None,Mixed,Mixed,Some,Moderate,15,10-20,N,,N,14,Ok,12/31/25
YF-MF12,8uGL9xtpaRU,20 Min Lower Body Strength Workout,TONED LEGS & ROUND BOOTY At Home Workout,madfit,https://www.youtube.com/@MadFit,https://www.youtube.com/watch?v=8uGL9xtpaRU,Workout,Strength,Medium,Lower Body,,,Dumbbells,Mixed,Mixed,Some,Moderate,20,15-25,N,,N,14,Ok,12/31/25
YF-MF13,T1cio6MJ7Fs,20 Min Lower Body Strength Workout,20 MIN BOOTY / LEG WORKOUT,madfit,https://www.youtube.com/@MadFit,https://www.youtube.com/watch?v=T1cio6MJ7Fs,Workout,Strength,Medium,Lower Body,,,Dumbbells,Mixed,Mixed,Some,Moderate,20,15-25,N,,N,14,Ok,12/31/25
YF-MF14,8t_NloVDljo,20 Min Lower Body Strength Workout,20 MIN BOOTY / LEG WORKOUT,madfit,https://www.youtube.com/@MadFit,https://www.youtube.com/watch?v=8t_NloVDljo,Workout,Strength,Medium,Lower Body,,,Dumbbells,Mixed,Mixed,Some,Moderate,20,15-25,N,,N,14,Ok,12/31/25
YF-MF15,L_tpvTJyu7I,30 Min Upper Body Strength Workout,30 min TOTAL UPPER BODY Workout,madfit,https://www.youtube.com/@MadFit,https://www.youtube.com/watch?v=L_tpvTJyu7I,Workout,Strength,Medium,Upper Body,,,Dumbbells,Mixed,Mixed,Some,Moderate,30,25-40,N,,N,14,Ok,12/31/25
YF-MF16,fgveacDs6_c,20 Min Upper Body Strength Workout,TONE YOUR UPPER BODY,madfit,https://www.youtube.com/@MadFit,https://www.youtube.com/watch?v=fgveacDs6_c,Workout,Strength,Medium,Upper Body,,,Dumbbells,Mixed,Mixed,Some,Moderate,20,15-25,N,,N,14,Ok,12/31/25
YF-MF17,L_Y9xspaU7I,15 Min Upper Body Strength Workout,FULL UPPER BODY WORKOUT,madfit,https://www.youtube.com/@MadFit,https://www.youtube.com/watch?v=L_Y9xspaU7I,Workout,Strength,Medium,Upper Body,,,Dumbbells,Mixed,Mixed,Some,Moderate,15,10-20,N,,N,14,Ok,12/31/25
YF-MF18,6wRS3EKRkNU,15 Min Lower Body Strength Workout,AT HOME HAMSTRING AND BOOTY WORKOUT,madfit,https://www.youtube.com/@MadFit,https://www.youtube.com/watch?v=6wRS3EKRkNU,Workout,Strength,Medium,Lower Body,,,None,Mixed,Mixed,Some,Moderate,15,10-20,N,,N,14,Ok,12/31/25
YF-MF19,cCuWvUSGvo8,20 Min Lower Body Strength Workout,20 MIN BUTT & THIGH Workout,madfit,https://www.youtube.com/@MadFit,https://www.youtube.com/watch?v=cCuWvUSGvo8,Workout,Strength,Medium,Lower Body,,,None,Mixed,Mixed,Some,Moderate,20,15-25,N,,N,14,Ok,12/31/25
YF-MF20,xeiPKhqcGzQ,15 Min Lower Body Strength Workout,15 MIN AT HOME LEG/BUTT/THIGH WORKOUT,madfit,https://www.youtube.com/@MadFit,https://www.youtube.com/watch?v=xeiPKhqcGzQ,Workout,Strength,Medium,Lower Body,,,None,Mixed,Mixed,Some,Moderate,15,10-20,N,,N,14,Ok,12/31/25
YF-MF21,XJcoOdKlYqk,15 Min Lower Body Strength Workout,15 min BOOTY BURN WORKOUT,madfit,https://www.youtube.com/@MadFit,https://www.youtube.com/watch?v=XJcoOdKlYqk,Workout,Strength,Medium,Lower Body,,,None,Mixed,Mixed,Some,Moderate,15,10-20,N,,N,14,Ok,12/31/25
YF-MF22,YHM4tcMzuwE,15 Min Lower Body Strength Workout,2 in 1 ABS AND BOOTY Home Workout,madfit,https://www.youtube.com/@MadFit,https://www.youtube.com/watch?v=YHM4tcMzuwE,Workout,Strength,Medium,Lower Body,Abs,,None,Mixed,Mixed,Some,Moderate,15,10-20,N,,N,14,Ok,12/31/25
YF-MF23,EL1xRpNyi94,15 Min Lower Body Strength Workout,15 MIN BOOTY & ABS,madfit,https://www.youtube.com/@MadFit,https://www.youtube.com/watch?v=EL1xRpNyi94,Workout,Strength,Medium,Lower Body,Abs,,None,Mixed,Mixed,Some,Moderate,15,10-20,N,,N,14,Ok,12/31/25
YF-MF24,fQJXQI5iEqE,15 Min Lower Body Strength Workout,15 MIN ABS & BOOTY,madfit,https://www.youtube.com/@MadFit,https://www.youtube.com/watch?v=fQJXQI5iEqE,Workout,Strength,Medium,Lower Body,Abs,,None,Mixed,Mixed,Some,Moderate,15,10-20,N,,N,14,Ok,12/31/25
YF-MF25,igg_i3m7xmE,15 Min Lower Body Strength Workout,15 MIN BOOTY BURN,madfit,https://www.youtube.com/@MadFit,https://www.youtube.com/watch?v=igg_i3m7xmE,Workout,Strength,Medium,Lower Body,,,None,Mixed,Mixed,Some,Moderate,15,10-20,N,,N,14,Ok,12/31/25
YF-MF26,iouLC4VgcXI,15 Min Lower Body Strength Workout,15 MIN AT HOME LEG/BUTT/THIGH WORKOUT,madfit,https://www.youtube.com/@MadFit,https://www.youtube.com/watch?v=iouLC4VgcXI,Workout,Strength,Medium,Lower Body,,,None,Mixed,Mixed,Some,Moderate,15,10-20,N,,N,14,Ok,12/31/25
YF-MF27,7PUXkkmhvtk,30 Min Full Body Strength Workout,30 MIN FULL BODY TONING & STRENGTH,madfit,https://www.youtube.com/@MadFit,https://www.youtube.com/watch?v=7PUXkkmhvtk,Workout,Strength,Medium,Full Body,,,Dumbbells,Mixed,Mixed,Some,Moderate,30,25-40,N,,N,14,Ok,12/31/25
YF-MF28,xxVRCzT2a1E,20 Min Full Body Strength Workout,Full UPPER BODY Workout,madfit,https://www.youtube.com/@MadFit,https://www.youtube.com/watch?v=xxVRCzT2a1E,Workout,Strength,Medium,Full Body,,,Dumbbells,Mixed,Mixed,Some,Moderate,20,15-25,N,,N,14,Ok,12/31/25
YF-MK01,5KmpFmiDnSI,10 Min Cardio HIIT Workout,10 MIN FULL BODY HIIT,MonikaFit,https://www.youtube.com/@MonikaFitt,https://www.youtube.com/watch?v=5KmpFmiDnSI,Workout,HIIT,High,Cardio,Full Body,,None,Mixed,Mixed,None,Loud,10,5-15,Y,,N,5,Ok,12/30/25
YF-MK02,2-sZ6_WekfE,15 Min Cardio HIIT Workout,15 MIN CARDIO HIIT,MonikaFit,https://www.youtube.com/@MonikaFitt,https://www.youtube.com/watch?v=2-sZ6_WekfE,Workout,HIIT,High,Cardio,Full Body,,None,Mixed,Mixed,None,Loud,15,10-20,Y,,N,5,Ok,12/30/25
YF-MK03,Q3ctEiyU_mA,15 Min Cardio HIIT Workout,15 MIN ENERGY BOOST,MonikaFit,https://www.youtube.com/@MonikaFitt,https://www.youtube.com/watch?v=Q3ctEiyU_mA,Workout,HIIT,High,Cardio,Full Body,,Dumbbells,Mixed,Mixed,None,Loud,15,10-20,Y,,N,5,Ok,12/30/25
YF-MK04,pzpVS0zEPh0,10 Min Full Body Strength Workout,10 MIN FULL BODY WORKOUT,MonikaFit,https://www.youtube.com/@MonikaFitt,https://www.youtube.com/watch?v=pzpVS0zEPh0,Workout,Strength,Medium,Full Body,,,Dumbbells,Mixed,Mixed,None,Loud,10,5-15,Y,,N,14,Ok,12/30/25
YF-MK05,QjGY9e4tpyA,20 Min Full Body Strength Workout,20 MIN FULL BODY STRENGTH & TONING,MonikaFit,https://www.youtube.com/@MonikaFitt,https://www.youtube.com/watch?v=QjGY9e4tpyA,Workout,Strength,Medium,Full Body,,,Dumbbells,Mixed,Mixed,None,Loud,20,15-25,Y,,N,14,Ok,12/30/25
YF-MK06,IlGbqHKxTJk,15 Min Full Body Strength Workout,15 MIN FULL BODY DUMBBELL WORKOUT,MonikaFit,https://www.youtube.com/@MonikaFitt,https://www.youtube.com/watch?v=IlGbqHKxTJk,Workout,Strength,Medium,Full Body,,,Dumbbells,Mixed,Mixed,None,Loud,15,10-20,Y,,N,14,Ok,12/30/25
YF-MK07,E0tSZ6qAMJE,20 Min Full Body Strength Workout,20 MIN FULL BODY WORKOUT ,MonikaFit,https://www.youtube.com/@MonikaFitt,https://www.youtube.com/watch?v=E0tSZ6qAMJE,Workout,Strength,Medium,Full Body,,,Dumbbells,Mixed,Mixed,None,Loud,20,15-25,Y,,N,14,Ok,12/30/25
YF-MK08,dB0SX-VwURY,15 Min Full Body Strength Workout,15 MIN STANDING PILATES,MonikaFit,https://www.youtube.com/@MonikaFitt,https://www.youtube.com/watch?v=dB0SX-VwURY,Workout,Strength,Medium,Full Body,Abs,,None,Mixed,Standing,None,Loud,15,10-20,Y,,N,14,Ok,12/30/25
YF-MK09,cV8UaI_sh4I,10 Min Full Body Strength Workout,10 MIN STANDING ABS AND ARMS WORKOUT,MonikaFit,https://www.youtube.com/@MonikaFitt,https://www.youtube.com/watch?v=cV8UaI_sh4I,Workout,Strength,Medium,Full Body,Arms,Abs,Dumbbells,Mixed,Standing,None,Loud,10,5-15,N,,N,14,Ok,12/31/25
YF-MK10,48wgbMwArG4,10 Min Full Body Strength Workout,10 MIN FULL BODY SCULPT,MonikaFit,https://www.youtube.com/@MonikaFitt,https://www.youtube.com/watch?v=48wgbMwArG4,Workout,Strength,Medium,Full Body,,,Dumbbells,Mixed,Mixed,None,Loud,10,5-15,N,,N,14,Ok,12/31/25
YF-MK11,yUoAabw7ojE,20 Min Full Body Strength Workout,20 MIN FULL BODY,MonikaFit,https://www.youtube.com/@MonikaFitt,https://www.youtube.com/watch?v=yUoAabw7ojE,Workout,Strength,Medium,Full Body,,,None,Mixed,Mixed,None,Loud,20,15-25,N,,N,14,Ok,12/31/25
YF-MK12,2FISlKz7VXk,20 Min Full Body Strength Workout,20 MIN FULL BODY BURN WORKOUT,MonikaFit,https://www.youtube.com/@MonikaFitt,https://www.youtube.com/watch?v=2FISlKz7VXk,Workout,Strength,Medium,Full Body,,,Dumbbells,Mixed,Mixed,None,Loud,20,15-25,N,,N,14,Ok,12/31/25
YF-MM01,g_tea8ZNk5A,15 Min Full Body Stretch Cooldown,"15 Min. Full Body Stretch | Daily Routine for Flexibility, Mobility & Relaxation | DAY 7",Mady Morrison,https://www.youtube.com/@madymorrison,https://www.youtube.com/watch?v=g_tea8ZNk5A,Cooldown,Stretch,Low,Full Body,Flexibility,,None,Low,Floor,None,Quiet,15,10-20,Y,,N,3,Ok,12/30/25
YF-MM02,2eA2Koq6pTI,10 Min Full Body Stretch Yoga,Back Pain Relief Stretches | 10 min. Yoga for Relaxation & Recovery,Mady Morrison,https://www.youtube.com/@madymorrison,https://www.youtube.com/watch?v=2eA2Koq6pTI,Yoga,Stretch,Low,Full Body,Flexibility,Back,None,Low,Floor,None,Quiet,10,5-15,Y,,N,14,Ok,12/30/25
YF-MM03,s-7lyvblFNI,10 Min Full Body Stretch Yoga,"Stretches for Neck, Shoulder & Upper Back Pain Relief | 10 min. Yoga to release Tension and Relax",Mady Morrison,https://www.youtube.com/@madymorrison,https://www.youtube.com/watch?v=s-7lyvblFNI,Yoga,Stretch,Low,Full Body,Flexibility,Neck,None,Low,Floor,None,Quiet,10,5-15,Y,,N,14,Ok,12/30/25
YF-MM04,IlHgLYdt3kc,10 Min Full Body Stretch Cooldown,10 Min. Full Body Stretch | Cool Down & Recover | Do this after every Workout,Mady Morrison,https://www.youtube.com/@madymorrison,https://www.youtube.com/watch?v=IlHgLYdt3kc,Cooldown,Stretch,Low,Full Body,Flexibility,,None,Low,Floor,None,Quiet,10,5-15,Y,,N,3,Ok,12/30/25
YF-MV01,Gk41kocw0cY,15 Min Upper Body Strength Workout,15 MINUTE ARMS,miDASMVMT,https://www.youtube.com/@midasmvmt,https://www.youtube.com/watch?v=Gk41kocw0cY,Workout,Strength,High,Upper Body,Triceps,Biceps,Dumbbells,Mixed,Mixed,None,Moderate,15,10-20,N,,N,14,Ok,12/31/25
YF-MV02,tWReAv-4lbw,20 Min Upper Body Strength Workout,20 MINUTE DUMBBELL CHEST & TRICEPS WORKOUT,miDASMVMT,https://www.youtube.com/@midasmvmt,https://www.youtube.com/watch?v=tWReAv-4lbw,Workout,Strength,High,Upper Body,Triceps,Chest,Dumbbells,Mixed,Mixed,None,Moderate,20,15-25,N,,N,14,Ok,12/31/25
YF-MV03,__ACpp9tQnI,20 Min Upper Body Strength Workout,20 MINUTE DUMBBELL BACK & BICEPS WORKOUT,miDASMVMT,https://www.youtube.com/@midasmvmt,https://www.youtube.com/watch?v=__ACpp9tQnI,Workout,Strength,High,Upper Body,Biceps,Back,Dumbbells,Mixed,Mixed,None,Moderate,20,15-25,N,,N,14,Ok,12/31/25
YF-MV04,jJsyPJ39ZzQ,20 Min Lower Body Strength Workout,20 MINUTE DUMBBELL ABS & LEGS WORKOUT,miDASMVMT,https://www.youtube.com/@midasmvmt,https://www.youtube.com/watch?v=jJsyPJ39ZzQ,Workout,Strength,High,Lower Body,Abs,Legs,Dumbbells,Mixed,Mixed,None,Moderate,20,15-25,N,,N,14,Ok,12/31/25
YF-MV05,uuDCOxmX4lQ,20 Min Upper Body Strength Workout,20 MINUTE DUMBBELL CHEST & SHOULDER WORKOUT,miDASMVMT,https://www.youtube.com/@midasmvmt,https://www.youtube.com/watch?v=uuDCOxmX4lQ,Workout,Strength,High,Upper Body,Shoulders,Chest,Dumbbells,Mixed,Mixed,None,Moderate,20,15-25,N,,N,14,Ok,12/31/25
YF-MV06,RiCxOmhdbgg,20 Min Upper Body Strength Workout,20 MINUTE DUMBBELL BICEP & TRICEP WORKOUT,miDASMVMT,https://www.youtube.com/@midasmvmt,https://www.youtube.com/watch?v=RiCxOmhdbgg,Workout,Strength,High,Upper Body,Triceps,Biceps,Dumbbells,Mixed,Mixed,None,Moderate,20,15-25,N,,N,14,Ok,12/31/25
YF-MV07,39nodxOyHfA,20 Min Upper Body Strength Workout,20 MINUTE DUMBBELL BACK & TRAPS WORKOUT,miDASMVMT,https://www.youtube.com/@midasmvmt,https://www.youtube.com/watch?v=39nodxOyHfA,Workout,Strength,High,Upper Body,Traps,Back,Dumbbells,Mixed,Mixed,None,Moderate,20,15-25,N,,N,14,Ok,12/31/25
YF-MV08,JfSee0Q-vRQ,10 Min Upper Body Strength Workout,10 MINUTE LIGHTWEIGHT DUMBBELL TRICEP WORKOUT,miDASMVMT,https://www.youtube.com/@midasmvmt,https://www.youtube.com/watch?v=JfSee0Q-vRQ,Workout,Strength,High,Upper Body,Triceps,,Dumbbells,Mixed,Mixed,None,Moderate,10,5-15,N,,N,14,Ok,12/31/25
YF-MV09,JyV7mUFSpXs,10 Min Upper Body Strength Workout,10 MINUTE LIGHTWEIGHT DUMBBELL BICEP & FOREARM WORKOUT,miDASMVMT,https://www.youtube.com/@midasmvmt,https://www.youtube.com/watch?v=JyV7mUFSpXs,Workout,Strength,High,Upper Body,Forearms,Biceps,Dumbbells,Mixed,Mixed,None,Moderate,10,5-15,N,,N,14,Ok,12/31/25
YF-MV10,n70Zt0lHEbE,30 Min Lower Body Strength Workout,30 MINUTE FULL LEG WORKOUT AT HOME,miDASMVMT,https://www.youtube.com/@midasmvmt,https://www.youtube.com/watch?v=n70Zt0lHEbE,Workout,Strength,High,Lower Body,Legs,,Dumbbells,Mixed,Mixed,None,Moderate,30,25-40,N,,N,14,Ok,12/31/25
YF-MV11,zvoWwnffOyk,30 Min Upper Body Strength Workout,30 MINUTE BACK AND BICEP WORKOUT AT HOME,miDASMVMT,https://www.youtube.com/@midasmvmt,https://www.youtube.com/watch?v=zvoWwnffOyk,Workout,Strength,High,Upper Body,Biceps,Back,Dumbbells,Mixed,Mixed,None,Moderate,30,25-40,N,,N,14,Ok,12/31/25
YF-MV12,uZZt84HDj3c,30 Min Full Body Strength Workout,30 MINUTE SHOULDER AND LEG WORKOUT AT HOME,miDASMVMT,https://www.youtube.com/@midasmvmt,https://www.youtube.com/watch?v=uZZt84HDj3c,Workout,Strength,High,Full Body,Legs,Shoulders,Dumbbells,Mixed,Mixed,None,Moderate,30,25-40,N,,N,14,Ok,12/31/25
YF-NY01,9huvrKzF2ss,15 Min Full Body Stretch Yoga,15 MIN EVENING STRETCH || Full Body Stretch For Better Sleep & Relaxation (Yoga With Nancy),Yoga With Nancy,https://www.youtube.com/@NancySidhuYoga,https://www.youtube.com/watch?v=9huvrKzF2ss,Yoga,Stretch,Low,Full Body,Flexibility,,None,Low,Floor,Some,Quiet,15,10-20,Y,,N,14,Ok,12/30/25
YF-NY02,yzFhUcgX86A,15 Min Full Body Stretch Yoga,15 MIN MORNING STRETCH | Wake Up Stretch To Feel Amazing - All Levels (Yoga With Nancy),Yoga With Nancy,https://www.youtube.com/@NancySidhuYoga,https://www.youtube.com/watch?v=yzFhUcgX86A,Yoga,Stretch,Low,Full Body,Flexibility,,None,Low,Floor,Some,Quiet,15,10-20,Y,,N,14,Ok,12/30/25
YF-NY03,UpAIiRpCnsE,25 Min Full Body Stretch Yoga,25 MIN FULL BODY STRETCH | Feel Good Stretch For Flexibility & Relaxation (Yoga With Nancy),Yoga With Nancy,https://www.youtube.com/@NancySidhuYoga,https://www.youtube.com/watch?v=UpAIiRpCnsE,Yoga,Stretch,Low,Full Body,Flexibility,,None,Low,Floor,Some,Quiet,25,20-30,Y,,N,14,Ok,12/30/25
YF-NY04,1u8BrexUBrw,25 Min Full Body Stretch Yoga,25 MIN YOGA FOR DEEP RELAXATION || Restorative Yoga & Full Body Stretch (Yoga With Nancy),Yoga With Nancy,https://www.youtube.com/@NancySidhuYoga,https://www.youtube.com/watch?v=1u8BrexUBrw,Yoga,Stretch,Low,Full Body,Flexibility,,None,Low,Floor,Some,Quiet,25,20-30,Y,,N,14,Ok,12/30/25
YF-NY05,YyRuQIZ6oxY,15 Min Full Body Stretch Yoga,15 MIN MORNING YOGA || Mindful Stretch & Strengthen,Yoga With Nancy,https://www.youtube.com/@NancySidhuYoga,https://www.youtube.com/watch?v=YyRuQIZ6oxY,Yoga,Stretch,Low,Full Body,Flexibility,,None,Low,Floor,Some,Quiet,15,10-20,Y,,N,14,Ok,12/30/25
YF-OS01,P2223RlLdT4,20 Min Upper Body Strength Workout,20 Min UPPER BODY Workout With Dumbbells,Oliver Sjostrom,https://www.youtube.com/@OliverSjostrom,https://www.youtube.com/watch?v=P2223RlLdT4,Workout,Strength,Medium,Upper Body,Arms,,Dumbbells,Mixed,Mixed,Some,Moderate,20,15-25,Y,,N,14,Ok,12/29/25
YF-OS02,nixaLRF0Jd8,20 Min Upper Body Strength Workout,20 Min TOTAL UPPER BODY Workout With Dumbbells,Oliver Sjostrom,https://www.youtube.com/@OliverSjostrom,https://www.youtube.com/watch?v=nixaLRF0Jd8,Workout,Strength,Medium,Upper Body,Arms,,Dumbbells,Mixed,Mixed,Some,Moderate,20,15-25,Y,,N,14,Ok,12/29/25
YF-OS03,J8L4MEOvmEA,20 Min Cardio HIIT Workout,"20 MIN KILLER HIIT WORKOUT - Full Body, No Equipment",Oliver Sjostrom,https://www.youtube.com/@OliverSjostrom,https://www.youtube.com/watch?v=J8L4MEOvmEA,Workout,HIIT,High,Cardio,Full Body,,None,High,Mixed,Some,Loud,20,15-25,Y,,N,5,Ok,12/30/25
YF-OS04,mbhkqjJOwtM,20 Min Cardio HIIT Workout,20 MIN INTENSE HIIT WORKOUT - ALL STANDING ,Oliver Sjostrom,https://www.youtube.com/@OliverSjostrom,https://www.youtube.com/watch?v=mbhkqjJOwtM,Workout,HIIT,High,Cardio,Full Body,,None,High,Standing,Some,Loud,20,15-25,Y,,N,5,Ok,12/30/25
YF-OS05,coszC9GJbxE,5 Min Full Body Mobility Warmup,5 MIN WARM UP - Perfect for Home or Gym Workouts,Oliver Sjostrom,https://www.youtube.com/@OliverSjostrom,https://www.youtube.com/watch?v=coszC9GJbxE,Warmup,Mobility,Low,Full Body,Flexibility,,None,Low,Mixed,Some,Moderate,5,5-15,Y,,N,3,Ok,12/30/25
YF-OS06,llNpwgxRSGs,10 Min Full Body Stretch Cooldown,10 Min Full Body Cool Down Stretches - Do After Every Workout ,Oliver Sjostrom,https://www.youtube.com/@OliverSjostrom,https://www.youtube.com/watch?v=llNpwgxRSGs,Cooldown,Stretch,Low,Full Body,Flexibility,,None,Low,Mixed,Some,Quiet,10,5-15,Y,,N,3,Ok,12/30/25
YF-OS07,Q3XrgbBE1rQ,15 Min Core Strength Workout,15 MIN ABS & CORE WORKOUT (No Equipment),Oliver Sjostrom,https://www.youtube.com/@OliverSjostrom,https://www.youtube.com/watch?v=Q3XrgbBE1rQ,Workout,Strength,Medium,Core,Abs,,None,Mixed,Mixed,Some,Moderate,15,10-20,N,,N,14,Ok,12/31/25
YF-OS08,XATe_U5eXKY,20 Min Core HIIT Workout,"20 MIN CARDIO HIIT WORKOUT - Full Body, No Equipment, No Repeats",Oliver Sjostrom,https://www.youtube.com/@OliverSjostrom,https://www.youtube.com/watch?v=XATe_U5eXKY,Workout,HIIT,Medium,Core,Abs,,None,Mixed,Mixed,Some,Moderate,20,15-25,N,,N,14,Ok,12/31/25
YF-OS09,EwMdtKAMonQ,20 Min Core HIIT Workout,20 Min Killer HIIT Workout For Fat Burn & Cardio,Oliver Sjostrom,https://www.youtube.com/@OliverSjostrom,https://www.youtube.com/watch?v=EwMdtKAMonQ,Workout,HIIT,Medium,Core,Abs,,None,Mixed,Mixed,Some,Moderate,20,15-25,N,,N,14,Ok,12/31/25
YF-OS10,60sld33kyfw,15 Min Core HIIT Workout,15 MIN INTENSE HIIT WORKOUT - ALL STANDING,Oliver Sjostrom,https://www.youtube.com/@OliverSjostrom,https://www.youtube.com/watch?v=60sld33kyfw,Workout,HIIT,Medium,Core,Abs,,None,Mixed,Mixed,Some,Moderate,15,10-20,N,,N,14,Ok,12/31/25
YF-OS11,fqXHlm1PLKY,30 Min Core HIIT Workout,30 MIN FULL BODY HIIT WORKOUT - NO JUMPING,Oliver Sjostrom,https://www.youtube.com/@OliverSjostrom,https://www.youtube.com/watch?v=fqXHlm1PLKY,Workout,HIIT,Medium,Core,Abs,,None,Mixed,Mixed,Some,Moderate,30,25-40,N,,N,14,Ok,12/31/25
YF-OS12,tSX_LJ_psB0,30 Min Core HIIT Workout,30 MIN STANDING PILATES HIIT WORKOUT,Oliver Sjostrom,https://www.youtube.com/@OliverSjostrom,https://www.youtube.com/watch?v=tSX_LJ_psB0,Workout,HIIT,High,Core,Abs,,None,Mixed,Standing,Some,Moderate,30,25-40,N,,N,14,Ok,12/31/25
YF-OS13,LZNcKO0N76I,20 Min Core HIIT Workout,20 MIN CARDIO HIIT WORKOUT - ALL STANDING,Oliver Sjostrom,https://www.youtube.com/@OliverSjostrom,https://www.youtube.com/watch?v=LZNcKO0N76I,Workout,HIIT,Medium,Core,Abs,,None,Mixed,Mixed,Some,Moderate,20,15-25,N,,N,14,Ok,12/31/25
YF-OS14,Rpk5CIBU9WA,30 Min Full Body Strength Workout,30 Min Full Body Workout - Strength & Burn Fat,Oliver Sjostrom,https://www.youtube.com/@OliverSjostrom,https://www.youtube.com/watch?v=Rpk5CIBU9WA,Workout,Strength,Medium,Full Body,,,None,Mixed,Mixed,Some,Moderate,30,25-40,N,,N,14,Ok,12/31/25
YF-OS15,CKDYo5CeX9E,30 Min Full Body Strength Workout,30 Min Full Body Dumbbell Workout At Home,Oliver Sjostrom,https://www.youtube.com/@OliverSjostrom,https://www.youtube.com/watch?v=CKDYo5CeX9E,Workout,Strength,Medium,Full Body,,,Dumbbells,Mixed,Mixed,Some,Moderate,30,25-40,N,,N,14,Ok,12/31/25
YF-OS16,OHGHanwva8U,30 Min Full Body Strength Workout,30 Min Full Body Workout,Oliver Sjostrom,https://www.youtube.com/@OliverSjostrom,https://www.youtube.com/watch?v=OHGHanwva8U,Workout,Strength,Medium,Full Body,,,None,Mixed,Mixed,Some,Moderate,30,25-40,N,,N,14,Ok,12/31/25
YF-OS17,eIwe4O7gSo8,30 Min Full Body Strength Workout,30 MIN FULL BODY DUMBBELL Workout,Oliver Sjostrom,https://www.youtube.com/@OliverSjostrom,https://www.youtube.com/watch?v=eIwe4O7gSo8,Workout,Strength,Medium,Full Body,,,Dumbbells,Mixed,Mixed,Some,Moderate,30,25-40,N,,N,14,Ok,12/31/25
YF-OS18,-Y4zolYKQ8o,30 Min Lower Body Strength Workout,30 Minute Legs & Abs Workout With Dumbbells,Oliver Sjostrom,https://www.youtube.com/@OliverSjostrom,https://www.youtube.com/watch?v=-Y4zolYKQ8o,Workout,Strength,Medium,Lower Body,Legs,Abs,Dumbbells,Mixed,Mixed,Some,Moderate,30,25-40,N,,N,14,Ok,12/31/25
YF-OS19,qSYbOnoFnnw,30 Min Full Body HIIT Workout,30 MIN FULL BODY HIIT Workout - Strength & Burn,Oliver Sjostrom,https://www.youtube.com/@OliverSjostrom,https://www.youtube.com/watch?v=qSYbOnoFnnw,Workout,HIIT,High,Full Body,Cardio,,None,Mixed,Mixed,Some,Moderate,30,25-40,N,,N,14,Ok,12/31/25
YF-SS01,E2SOrScNbww,15 Min Full Body Stretch Cooldown,Full Body Stretching Routine (15 min. Follow Along),Strength Side,https://www.youtube.com/@Strengthside,https://www.youtube.com/watch?v=E2SOrScNbww,Cooldown,Stretch,Low,Full Body,Flexibility,,None,Low,Mixed,Lots,Quiet,15,10-20,Y,,N,3,Ok,12/29/25
YF-TD01,OXmo07BNEQI,25 Min Upper Body Strength Workout,25 Min UPPER BODY WORKOUT with Dumbbells,TIFF x DAN,https://www.youtube.com/@TIFFxDAN,https://www.youtube.com/watch?v=OXmo07BNEQI,Workout,Strength,High,Upper Body,Arms,,Dumbbells,High,Mixed,Some,Loud,25,20-30,Y,,N,14,Ok,12/29/25
YF-TD02,L1BeGwFoNqk,20 Min Core Strength Workout,20 Min Abs Workout,TIFF x DAN,https://www.youtube.com/@TIFFxDAN,https://www.youtube.com/watch?v=L1BeGwFoNqk,Workout,Strength,High,Core,Abs,,None,Mixed,Mixed,None,Loud,20,15-25,Y,,N,14,Ok,12/30/25
YF-TD03,vK_DQYimccw,30 Min Lower Body Strength Workout,30 Min LEG WORKOUT FROM HELL,TIFF x DAN,https://www.youtube.com/@TIFFxDAN,https://www.youtube.com/watch?v=vK_DQYimccw,Workout,Strength,High,Lower Body,,,Dumbbells,High,Mixed,None,Loud,30,25-40,N,,N,14,Ok,12/31/25
YF-TD04,8b04vx3e5y8,30 Min Lower Body Strength Workout,30 Min Home Leg Workout with Dumbbells,TIFF x DAN,https://www.youtube.com/@TIFFxDAN,https://www.youtube.com/watch?v=8b04vx3e5y8,Workout,Strength,High,Lower Body,,,Dumbbells,High,Mixed,None,Loud,30,25-40,N,,N,14,Ok,12/31/25
YF-TD05,Imj7L8tdfrE,30 Min Lower Body Strength Workout,Day 4: 30 Min Superset Leg Day Workout at Home,TIFF x DAN,https://www.youtube.com/@TIFFxDAN,https://www.youtube.com/watch?v=Imj7L8tdfrE,Workout,Strength,High,Lower Body,,,Dumbbells,High,Mixed,None,Loud,30,25-40,N,,N,14,Ok,12/31/25
YF-TD06,r78WzW27-UI,15 Min Lower Body Strength Workout,15 Min COMPOUND LEG WORKOUT,TIFF x DAN,https://www.youtube.com/@TIFFxDAN,https://www.youtube.com/watch?v=r78WzW27-UI,Workout,Strength,High,Lower Body,,,Dumbbells,High,Mixed,None,Loud,15,10-20,N,,N,14,Ok,12/31/25
YF-TD07,2HnfQ58Ng_8,30 Min Lower Body Strength Workout,30 MIN LEG DAY WORKOUT,TIFF x DAN,https://www.youtube.com/@TIFFxDAN,https://www.youtube.com/watch?v=2HnfQ58Ng_8,Workout,Strength,High,Lower Body,,,Dumbbells,High,Mixed,None,Loud,30,25-40,N,,N,14,Ok,12/31/25
YF-TD08,323u-pAkWB8,25 Min Lower Body Strength Workout,25 Min GROW YOUR GLUTES,TIFF x DAN,https://www.youtube.com/@TIFFxDAN,https://www.youtube.com/watch?v=323u-pAkWB8,Workout,Strength,High,Lower Body,,,Dumbbells,High,Mixed,None,Loud,25,20-30,N,,N,14,Ok,12/31/25
YF-TD09,QMHOw-_Bpx0,30 Min Lower Body Strength Workout,Day 39: 30 Min PYRAMID Dumbbell Leg Workout,TIFF x DAN,https://www.youtube.com/@TIFFxDAN,https://www.youtube.com/watch?v=QMHOw-_Bpx0,Workout,Strength,High,Lower Body,,,Dumbbells,High,Mixed,None,Loud,30,25-40,N,,N,14,Ok,12/31/25
YF-TD10,OSMCEq-tuVQ,15 Min Lower Body Strength Workout,15 Min DEATH TO LEGS Workout,TIFF x DAN,https://www.youtube.com/@TIFFxDAN,https://www.youtube.com/watch?v=OSMCEq-tuVQ,Workout,Strength,High,Lower Body,Abs,,Dumbbells,High,Mixed,None,Loud,15,10-20,N,,N,14,Ok,12/31/25
YF-TD11,H0sEj8Q6u7U,20 Min Upper Body Strength Workout,20 MIN UPPER BODY WORKOUT,TIFF x DAN,https://www.youtube.com/@TIFFxDAN,https://www.youtube.com/watch?v=H0sEj8Q6u7U,Workout,Strength,High,Upper Body,,,Dumbbells,High,Mixed,None,Loud,20,15-25,N,,N,14,Ok,12/31/25
YF-TD12,DT4QjwTaf5Q,20 Min Upper Body Strength Workout,20 MIN BACK AND BICEP WORKOUT,TIFF x DAN,https://www.youtube.com/@TIFFxDAN,https://www.youtube.com/watch?v=DT4QjwTaf5Q,Workout,Strength,High,Upper Body,,,Dumbbells,High,Mixed,None,Loud,20,15-25,N,,N,14,Ok,12/31/25
YF-TD13,XPU1Xl6nZXI,20 Min Upper Body Strength Workout,20 Min KILLER Arm and Shoulder Workout,TIFF x DAN,https://www.youtube.com/@TIFFxDAN,https://www.youtube.com/watch?v=XPU1Xl6nZXI,Workout,Strength,High,Upper Body,,,Dumbbells,High,Mixed,None,Loud,20,15-25,N,,N,14,Ok,12/31/25
YF-TD14,-OQiiqE8z6I,20 Min Upper Body Strength Workout,20 MIN UPPER BODY WORKOUT,TIFF x DAN,https://www.youtube.com/@TIFFxDAN,https://www.youtube.com/watch?v=-OQiiqE8z6I,Workout,Strength,High,Upper Body,,,Dumbbells,High,Mixed,None,Loud,20,15-25,N,,N,14,Ok,12/31/25
YF-TD15,hNiv_fiyDks,30 Min Upper Body Strength Workout,"Day 24: 30 Min Chest, Shoulders & Triceps",TIFF x DAN,https://www.youtube.com/@TIFFxDAN,https://www.youtube.com/watch?v=hNiv_fiyDks,Workout,Strength,High,Upper Body,Shoulders,Chest,Dumbbells,High,Mixed,None,Loud,30,25-40,N,,N,14,Ok,12/31/25
YF-TD16,XPegq0gYIso,25 Min Upper Body Strength Workout,25 MIN SHOULDER WORKOUT WITH DUMBBELLS & CORE,TIFF x DAN,https://www.youtube.com/@TIFFxDAN,https://www.youtube.com/watch?v=XPegq0gYIso,Workout,Strength,High,Upper Body,,,Dumbbells,High,Mixed,None,Loud,25,20-30,N,,N,14,Ok,12/31/25
YF-TD17,nLMEo4EX3x4,25 Min Upper Body Strength Workout,25 Min Arm Workout + Core,TIFF x DAN,https://www.youtube.com/@TIFFxDAN,https://www.youtube.com/watch?v=nLMEo4EX3x4,Workout,Strength,High,Upper Body,Abs,Arms,Dumbbells,High,Mixed,None,Loud,25,20-30,N,,N,14,Ok,12/31/25
YF-TD18,6fsvvzZOH3g,20 Min Core Strength Workout,Day 33: 20 Min Advanced Abs,TIFF x DAN,https://www.youtube.com/@TIFFxDAN,https://www.youtube.com/watch?v=6fsvvzZOH3g,Workout,Strength,High,Core,Abs,,None,High,Mixed,None,Loud,20,15-25,N,,N,14,Ok,12/31/25
YF-TD19,FSmTYcp1Z_c,20 Min Core Strength Workout,6 PACK ABS,TIFF x DAN,https://www.youtube.com/@TIFFxDAN,https://www.youtube.com/watch?v=FSmTYcp1Z_c,Workout,Strength,High,Core,Abs,,None,High,Mixed,None,Loud,20,15-25,N,,N,14,Ok,12/31/25
YF-TD20,tK_kWrLlZj0,20 Min Core Strength Workout,20 Minute Abs,TIFF x DAN,https://www.youtube.com/@TIFFxDAN,https://www.youtube.com/watch?v=tK_kWrLlZj0,Workout,Strength,High,Core,Abs,,None,High,Mixed,None,Loud,20,15-25,N,,N,14,Ok,12/31/25
YF-TD21,V2gic0OD2bQ,20 Min Core HIIT Workout,20 MIN TOTAL AB WORKOUT,TIFF x DAN,https://www.youtube.com/@TIFFxDAN,https://www.youtube.com/watch?v=V2gic0OD2bQ,Workout,HIIT,High,Core,Abs,,None,High,Mixed,None,Loud,20,15-25,N,,N,14,Ok,12/31/25
YF-TO01,zFo7K_Rq2jI,10 Min Upper Body Strength Workout,10 MIN DUMBBELL BACK & BICEPS WORKOUT | Sthetics Challenge Day 2,Tolu Oshonowo,https://www.youtube.com/@ToluOshonowo,https://www.youtube.com/watch?v=zFo7K_Rq2jI,Workout,Strength,High,Upper Body,Arms,Back,Dumbbells,High,Standing,None,Moderate,10,5-15,Y,,N,14,Ok,12/29/25
YF-TO02,v_9ZW1D2bbc,10 Min Core Strength Workout,10 MIN AB WORKOUT,Tolu Oshonowo,https://www.youtube.com/@ToluOshonowo,https://www.youtube.com/watch?v=v_9ZW1D2bbc,Workout,Strength,High,Core,Abs,,None,High,Mixed,None,Moderate,10,5-15,N,,N,14,Ok,12/31/25
YF-TO03,s-trSIGunKI,10 Min Upper Body Strength Workout,10 MIN INTENSE ARM WORKOUT,Tolu Oshonowo,https://www.youtube.com/@ToluOshonowo,https://www.youtube.com/watch?v=s-trSIGunKI,Workout,Strength,High,Upper Body,Arms,,Dumbbells,High,Mixed,None,Moderate,10,5-15,N,,N,14,Ok,12/31/25
YF-TO04,rf7VcZ14eVg,10 Min Upper Body Strength Workout,10 MIN ONE DUMBBELL BACK & BICEPS WORKOUT,Tolu Oshonowo,https://www.youtube.com/@ToluOshonowo,https://www.youtube.com/watch?v=rf7VcZ14eVg,Workout,Strength,High,Upper Body,Biceps,Back,Dumbbells,High,Mixed,None,Moderate,10,5-15,N,,N,14,Ok,12/31/25
YF-TO05,xeE9IYYLt7Q,10 Min Upper Body Strength Workout,10 MIN INTENSE CHEST & SHOULDERS WORKOUT,Tolu Oshonowo,https://www.youtube.com/@ToluOshonowo,https://www.youtube.com/watch?v=xeE9IYYLt7Q,Workout,Strength,High,Upper Body,Shoulders,Chest,Dumbbells,High,Mixed,None,Moderate,10,5-15,N,,N,14,Ok,12/31/25
YF-TO06,fKuOeEVMDYI,10 Min Upper Body Strength Workout,10 MIN CHEST & SHOULDERS WORKOUT,Tolu Oshonowo,https://www.youtube.com/@ToluOshonowo,https://www.youtube.com/watch?v=fKuOeEVMDYI,Workout,Strength,High,Upper Body,Shoulders,Chest,Dumbbells,High,Mixed,None,Moderate,10,5-15,N,,N,14,Ok,12/31/25
YF-TO07,Pm23CFspqxg,10 Min Upper Body Strength Workout,10 MIN DUMBBELL ARMS AND ABS WORKOUT,Tolu Oshonowo,https://www.youtube.com/@ToluOshonowo,https://www.youtube.com/watch?v=Pm23CFspqxg,Workout,Strength,High,Upper Body,Abs,Arms,Dumbbells,High,Mixed,None,Moderate,10,5-15,N,,N,14,Ok,12/31/25
YF-TO08,boZkfiGyhbM,10 Min Upper Body Strength Workout,10 MIN DUMBBELL BACK AND BICEPS,Tolu Oshonowo,https://www.youtube.com/@ToluOshonowo,https://www.youtube.com/watch?v=boZkfiGyhbM,Workout,Strength,High,Upper Body,Biceps,Back,Dumbbells,High,Mixed,None,Moderate,10,5-15,N,,N,14,Ok,12/31/25
YF-TO09,MjfqP_FAhss,10 Min Upper Body Strength Workout,10 MIN DUMBBELL CHEST AND SHOULDERS,Tolu Oshonowo,https://www.youtube.com/@ToluOshonowo,https://www.youtube.com/watch?v=MjfqP_FAhss,Workout,Strength,High,Upper Body,Shoulders,Chest,Dumbbells,High,Mixed,None,Moderate,10,5-15,N,,N,14,Ok,12/31/25
YF-TO10,OQdtMrQ-Y8Q,10 Min Upper Body Strength Workout,10 MIN INTENSE DUMBBELL ARM WORKOUT,Tolu Oshonowo,https://www.youtube.com/@ToluOshonowo,https://www.youtube.com/watch?v=OQdtMrQ-Y8Q,Workout,Strength,High,Upper Body,Arms,,Dumbbells,High,Mixed,None,Moderate,10,5-15,N,,N,14,Ok,12/31/25
YF-TO11,zkA5kcTi7ik,10 Min Core Strength Workout,10 MIN BEGINNER AB WORKOUT,Tolu Oshonowo,https://www.youtube.com/@ToluOshonowo,https://www.youtube.com/watch?v=zkA5kcTi7ik,Workout,Strength,High,Core,Abs,,None,High,Mixed,None,Moderate,10,5-15,N,,N,14,Ok,12/31/25
YF-TO12,KVed82Virf0,10 Min Core Strength Workout,10 MIN LOWER AB WORKOUT,Tolu Oshonowo,https://www.youtube.com/@ToluOshonowo,https://www.youtube.com/watch?v=KVed82Virf0,Workout,Strength,High,Core,Abs,,None,High,Mixed,None,Moderate,10,5-15,N,,N,14,Ok,12/31/25
YF-TO13,TFchtqcIBqU,10 Min Core Strength Workout,10 MIN SIDE ABS & OBLIQUES WORKOUT,Tolu Oshonowo,https://www.youtube.com/@ToluOshonowo,https://www.youtube.com/watch?v=TFchtqcIBqU,Workout,Strength,High,Core,Obliques,,None,High,Mixed,None,Moderate,10,5-15,N,,N,14,Ok,12/31/25
YF-TO14,wbLmyJpyOKI,10 Min Core Strength Workout,10 MIN LOWER ABS & OBLIQUES WORKOUT,Tolu Oshonowo,https://www.youtube.com/@ToluOshonowo,https://www.youtube.com/watch?v=wbLmyJpyOKI,Workout,Strength,High,Core,Obliques,,None,High,Mixed,None,Moderate,10,5-15,N,,N,14,Ok,12/31/25
YF-TO15,3NAoIXSnhIs,10 Min Full Body Strength Workout,10 MIN INTENSE DUMBBELL FULL BODY WORKOUT,Tolu Oshonowo,https://www.youtube.com/@ToluOshonowo,https://www.youtube.com/watch?v=3NAoIXSnhIs,Workout,Strength,High,Full Body,,,Dumbbells,High,Mixed,None,Moderate,10,5-15,N,,N,14,Ok,12/31/25
YF-VO01,etwYuyvA9fk,20 Min Full Body Strength Workout,20 Min Full Body with Dumbbells at Home Workout,Valery Ortiz,https://www.youtube.com/@TheValeryOrtiz,https://www.youtube.com/watch?v=etwYuyvA9fk,Workout,Strength,Medium,Full Body,,,Dumbbells,Mixed,Mixed,None,Loud,20,15-25,N,,N,14,Ok,12/31/25
YF-YA01,yqRqRURB9IE,15 Min Core Strength Yoga,Disciplined Core - 15 Minute Yoga Practice,Yoga With Adriene,https://www.youtube.com/@yogawithadriene,https://www.youtube.com/watch?v=yqRqRURB9IE,Yoga,Strength,Low,Core,Abs,Flexibility,None,Low,Floor,Lots,Quiet,15,10-20,Y,,N,14,Ok,12/30/25
YF-YA02,P8uHMMmWMHQ,20 Min Full Body Mobility Yoga,Yoga Joy  |  20-Minute Full Body Vinyasa Flow,Yoga With Adriene,https://www.youtube.com/@yogawithadriene,https://www.youtube.com/watch?v=P8uHMMmWMHQ,Yoga,Mobility,Low,Full Body,Flexibility,,None,Low,Mixed,Lots,Quiet,20,15-25,Y,,N,14,Ok,12/29/25
YF-YA03,r7xsYgTeM2Q,15 Min Full Body Mobility Yoga,Sunrise Yoga  |  15-Minute Morning Yoga Practice,Yoga With Adriene,https://www.youtube.com/@yogawithadriene,https://www.youtube.com/watch?v=r7xsYgTeM2Q,Yoga,Mobility,Low,Full Body,Flexibility,,None,Low,Mixed,Lots,Quiet,15,10-20,Y,,N,14,Ok,12/29/25
YF-YA04,J-05m7bboK0,25 Min Full Body Mobility Yoga,Lower Back Love | Yoga For Back Pain,Yoga With Adriene,https://www.youtube.com/@yogawithadriene,https://www.youtube.com/watch?v=J-05m7bboK0,Yoga,Mobility,Low,Full Body,Flexibility,Back,None,Low,Floor,Lots,Quiet,25,20-30,Y,,N,14,Ok,12/29/25
YF-YA05,kuSZEZ0fCY0,20 Min Full Body Stretch Yoga,Yoga Wash - Detox Flow  |  Yoga With Adriene,Yoga With Adriene,https://www.youtube.com/@yogawithadriene,https://www.youtube.com/watch?v=kuSZEZ0fCY0,Yoga,Stretch,Low,Full Body,Flexibility,,None,Low,Standing,Lots,Quiet,20,15-25,Y,,N,14,Ok,12/29/25
YF-YB01,gnougTneFJM,15 Min Full Body Stretch Yoga,15 Min Bedtime Yoga for Relaxation and BETTER SLEEP!ðŸŒ™,Yoga With Bird,https://www.youtube.com/@YogaWithBird,https://www.youtube.com/watch?v=gnougTneFJM,Yoga,Stretch,Low,Full Body,Flexibility,,None,Low,Floor,Some,Quiet,15,10-20,Y,,N,14,Ok,12/29/25
YF-YB02,VU6u-Fjtbd4,20 Min Full Body Stretch Yoga,20 Minute Restorative Yoga Full Body Stretch ,Yoga With Bird,https://www.youtube.com/@YogaWithBird,https://www.youtube.com/watch?v=VU6u-Fjtbd4,Yoga,Stretch,Low,Full Body,Flexibility,,None,Low,Floor,Some,Quiet,20,15-25,Y,,N,14,Ok,12/29/25
YF-YB03,IxrGNzxAZc4,15 Min Full Body Stretch Yoga,15 Min Morning Yoga Full Body Stretch ,Yoga With Bird,https://www.youtube.com/@YogaWithBird,https://www.youtube.com/watch?v=IxrGNzxAZc4,Yoga,Stretch,Low,Full Body,Flexibility,,None,Low,Floor,Some,Quiet,15,10-20,Y,,N,14,Ok,12/29/25
YF-YB04,1zINEDWwixo,15 Min Full Body Stretch Yoga,15 Minute Gentle Yoga for Deep Sleep - SLEEP THROUGHOUT THE NIGHT!,Yoga With Bird,https://www.youtube.com/@YogaWithBird,https://www.youtube.com/watch?v=1zINEDWwixo,Yoga,Stretch,Low,Full Body,Flexibility,,None,Low,Floor,Some,Quiet,15,10-20,Y,,N,14,Ok,12/29/25
YF-YB05,TDTR9iNWW_0,15 Min Full Body Stretch Yoga,15 Min Full Body Stretch for Sore Muscles & Tension Relief,Yoga With Bird,https://www.youtube.com/@YogaWithBird,https://www.youtube.com/watch?v=TDTR9iNWW_0,Yoga,Stretch,Low,Full Body,Flexibility,,None,Low,Floor,Some,Quiet,15,10-20,Y,,N,14,Ok,12/29/25